Data Source File,middle-names.txt
Memory Manager Type,First Fit
Total Memory Allocated by sbrk (bytes),16856
Size of freedMBList,1757
Size of allocMBList,950
Number of Times Blocks were Split,852
Number of Times Blocks were Merged,595
freedMBList:
Memory Block Address,Size,Content Starting Address,Contents
0x558f5ab54fd0,2
0x558f5ab982a0,1
0x558f5aba0a60,2
0x558f5aba0cc0,1
0x558f5aba0d20,1
0x558f5aba0de0,1
0x558f5aba0ea0,1
0x558f5aba1140,1
0x558f5aba11c0,2
0x558f5aba13c0,2
0x558f5aba1500,1
0x558f5aba19c0,1
0x558f5aba1b00,2
0x558f5aba1bc0,2
0x558f5aba1de0,1
0x558f5aba2040,1
0x558f5aba20a0,1
0x558f5aba2340,1
0x558f5aba23e0,1
0x558f5aba24a0,2
0x558f5aba2500,2
0x558f5aba2720,1
0x558f5aba2780,2
0x558f5aba2d40,1
0x558f5aba2da0,1
0x558f5aba2e00,1
0x558f5aba30a0,1
0x558f5aba3380,1
0x558f5aba3580,1
0x558f5aba36c0,1
0x558f5aba3720,1
0x558f5aba3a40,2
0x558f5aba4700,1
0x558f5aba48c0,1
0x558f5aba49a0,2
0x558f5aba4c40,1
0x558f5aba4d40,1
0x558f5aba4ee0,1
0x558f5aba4e20,1
0x558f5aba4e80,1
0x558f5ab93460,3,0x558f5ab78260,Ty
0x558f5ab5e320,3
0x558f5ab5bc20,1
0x558f5ab59520,2
0x558f5ab5d5e0,2
0x558f5ab5e0a0,1
0x558f5ab9a0a0,6,0x558f5ab54210,Dukey
0x558f5ab68c00,3
0x558f5ab9c3a0,6,0x558f5ab54490,Dougy
0x558f5ab5b780,5,0x558f5ab545d0,Reid
0x558f5ab9f520,7,0x558f5ab546d0,Dillon
0x558f5ab97700,8,0x558f5ab54790,Ricardo
0x558f5ab6d3a0,2
0x558f5ab55e30,8,0x558f5ab54ad0,Johnnie
0x558f5ab980a0,1
0x558f5ab99ea0,7,0x558f5ab55090,Dudley
0x558f5ab9aea0,6,0x558f5ab55150,Eamon
0x558f5ab93f40,9,0x558f5ab55210,Ebeneser
0x558f5ab54370,4,0x558f5ab55310,Reg
0x558f5ab95ac0,7,0x558f5ab553d0,Justen
0x558f5ab55b30,8,0x558f5ab55610,Douglas
0x558f5ab545f0,7,0x558f5ab55790,Dillie
0x558f5ab93c60,8,0x558f5ab558d0,Dimitry
0x558f5ab55070,8,0x558f5ab55910,Domingo
0x558f5ab54b30,9,0x558f5ab55950,Dionysus
0x558f5ab93440,7,0x558f5ab559d0,Jordan
0x558f5ab54910,6,0x558f5ab55a50,Eddie
0x558f5ab55e70,5,0x558f5ab55ad0,Drud
0x558f5ab98fe0,4,0x558f5ab55ed0,Job
0x558f5ab95880,6,0x558f5ab55fd0,Kaleb
0x558f5ab99200,7,0x558f5ab56050,Robbie
0x558f5ab9ab40,6,0x558f5ab563a0,Flynn
0x558f5ab99d80,5,0x558f5ab563c0,Fons
0x558f5ab9b980,7,0x558f5ab56420,Fonsie
0x558f5ab9a800,5,0x558f5ab56440,Fonz
0x558f5ab9bc40,7,0x558f5ab564a0,Fonzie
0x558f5ab9be40,7,0x558f5ab56500,Forbes
0x558f5ab9a880,5,0x558f5ab56520,Ford
0x558f5ab9bf00,7,0x558f5ab56580,Forest
0x558f5ab9bfc0,9,0x558f5ab565e0,Forester
0x558f5ab9c0c0,8,0x558f5ab56640,Forrest
0x558f5ab9c400,10,0x558f5ab566a0,Forrester
0x558f5ab9c1c0,8,0x558f5ab566c0,Forster
0x558f5ab9b380,5,0x558f5ab566e0,Foss
0x558f5ab9c380,7,0x558f5ab56740,Foster
0x558f5ab9c500,7,0x558f5ab567a0,Fowler
0x558f5ab9b7c0,5,0x558f5ab567c0,Fran
0x558f5ab9c680,10,0x558f5ab56820,Francesco
0x558f5ab9c800,9,0x558f5ab56880,Franchot
0x558f5ab9c740,8,0x558f5ab568a0,Francis
0x558f5ab9ca40,10,0x558f5ab56900,Francisco
0x558f5ab9ce40,11,0x558f5ab56960,Franciskus
0x558f5ab9d000,10,0x558f5ab569c0,Francklin
0x558f5ab9d0c0,10,0x558f5ab56a20,Francklyn
0x558f5ab9cc00,9,0x558f5ab56a40,Francois
0x558f5ab9c940,6,0x558f5ab56aa0,Frank
0x558f5ab9d180,8,0x558f5ab56b00,Frankie
0x558f5ab9d280,9,0x558f5ab56b60,Franklin
0x558f5ab9d380,9,0x558f5ab56bc0,Franklyn
0x558f5ab9d5c0,7,0x558f5ab56c20,Franky
0x558f5ab9d740,8,0x558f5ab56c80,Frannie
0x558f5ab9d800,7,0x558f5ab56ca0,Franny
0x558f5ab9c9c0,6,0x558f5ab56cc0,Frans
0x558f5ab9d880,10,0x558f5ab56d20,Fransisco
0x558f5ab9d980,7,0x558f5ab56d80,Frants
0x558f5ab9cd40,6,0x558f5ab56da0,Franz
0x558f5ab9db40,8,0x558f5ab56e00,Franzen
0x558f5ab9ddc0,7,0x558f5ab56e60,Frasco
0x558f5ab9de80,7,0x558f5ab56ec0,Fraser
0x558f5ab9e080,8,0x558f5ab56ee0,Frasier
0x558f5ab9e180,10,0x558f5ab56f40,Frasquito
0x558f5ab9cf40,6,0x558f5ab56f60,Fraze
0x558f5ab9e280,7,0x558f5ab56fc0,Frazer
0x558f5ab9e440,8,0x558f5ab57020,Frazier
0x558f5ab9b900,5,0x558f5ab57040,Fred
0x558f5ab9e680,8,0x558f5ab57060,Freddie
0x558f5ab9e3c0,7,0x558f5ab57080,Freddy
0x558f5ab9e5c0,7,0x558f5ab570a0,Fredek
0x558f5ab9e8c0,9,0x558f5ab57100,Frederic
0x558f5ab9ee40,10,0x558f5ab57160,Frederich
0x558f5ab9ef80,10,0x558f5ab571c0,Frederick
0x558f5ab9f100,10,0x558f5ab57220,Frederico
0x558f5ab9f200,10,0x558f5ab57280,Frederigo
0x558f5ab9f4c0,9,0x558f5ab572e0,Frederik
0x558f5ab9eb80,8,0x558f5ab57300,Fredric
0x558f5ab9f6c0,9,0x558f5ab57360,Fredrick
0x558f5ab9dc80,5,0x558f5ab573c0,Free
0x558f5ab9fa00,9,0x558f5ab57420,Freedman
0x558f5ab9fbc0,9,0x558f5ab57480,Freeland
0x558f5ab9f380,8,0x558f5ab574a0,Freeman
0x558f5ab9f940,8,0x558f5ab574c0,Freemon
0x558f5ab9fd00,8,0x558f5ab57520,Fremont
0x558f5ab9fe80,10,0x558f5ab57580,Friedrich
0x558f5aba0040,10,0x558f5ab575e0,Friedrick
0x558f5ab9dfc0,6,0x558f5ab57600,Fritz
0x558f5ab9e780,7,0x558f5ab57620,Fulton
0x558f5ab9ea80,7,0x558f5ab57640,Gabbie
0x558f5ab9eb00,6,0x558f5ab576a0,Gabby
0x558f5ab9e500,5,0x558f5ab576c0,Gabe
0x558f5ab9ec80,5,0x558f5ab57720,Gabi
0x558f5ab9f2c0,6,0x558f5ab57780,Gabie
0x558f5aba0140,8,0x558f5ab577e0,Gabriel
0x558f5aba0200,9,0x558f5ab57840,Gabriele
0x558f5aba0600,10,0x558f5ab578a0,Gabriello
0x558f5ab9edc0,5,0x558f5ab578c0,Gaby
0x558f5ab9f400,5,0x558f5ab57920,Gael
0x558f5ab9f7c0,7,0x558f5ab57940,Gaelan
0x558f5ab9f840,5,0x558f5ab579a0,Gage
0x558f5ab9fc80,5,0x558f5ab57a00,Gail
0x558f5aba0400,6,0x558f5ab57a60,Gaile
0x558f5aba3dc0,4,0x558f5ab57a80,Gal
0x558f5aba0480,5,0x558f5ab57ae0,Gale
0x558f5aba0500,6,0x558f5ab57b40,Galen
0x558f5aba0740,10,0x558f5ab57ba0,Gallagher
0x558f5aba08c0,8,0x558f5ab57c00,Gallard
0x558f5ab57bc0,7,0x558f5ab57c60,Galvan
0x558f5ab57c20,7,0x558f5ab57cc0,Galven
0x558f5ab57b60,7,0x558f5ab57d20,Galvin
0x558f5ab57860,9,0x558f5ab57d80,Gamaliel
0x558f5aba4040,4,0x558f5ab57da0,Gan
0x558f5ab575a0,7,0x558f5ab57e00,Gannie
0x558f5ab57540,7,0x558f5ab57e60,Gannon
0x558f5ab57d40,6,0x558f5ab57e80,Ganny
0x558f5aba46a0,4,0x558f5ab57ea0,Gar
0x558f5ab57e20,7,0x558f5ab57f00,Garald
0x558f5ab57ce0,5,0x558f5ab57f20,Gard
0x558f5ab570c0,9,0x558f5ab57f80,Gardener
0x558f5ab574e0,7,0x558f5ab57fa0,Gardie
0x558f5ab56f80,9,0x558f5ab58000,Gardiner
0x558f5ab573e0,8,0x558f5ab58020,Gardner
0x558f5ab57440,6,0x558f5ab58040,Gardy
0x558f5ab57dc0,5,0x558f5ab58060,Gare
0x558f5ab572a0,6,0x558f5ab58080,Garek
0x558f5ab57120,7,0x558f5ab580e0,Gareth
0x558f5ab56f00,6,0x558f5ab58140,Garey
0x558f5ab56e80,9,0x558f5ab581a0,Garfield
0x558f5ab58160,6,0x558f5ab58200,Garik
0x558f5ab581c0,7,0x558f5ab58260,Garner
0x558f5ab56dc0,7,0x558f5ab582c0,Garold
0x558f5ab58280,8,0x558f5ab58320,Garrard
0x558f5ab56c40,7,0x558f5ab58340,Garrek
0x558f5ab56be0,7,0x558f5ab583a0,Garret
0x558f5ab58360,8,0x558f5ab58400,Garreth
0x558f5ab583c0,8,0x558f5ab58460,Garrett
0x558f5ab58420,8,0x558f5ab584c0,Garrick
0x558f5ab56b20,7,0x558f5ab58520,Garrik
0x558f5ab56ac0,7,0x558f5ab58580,Garrot
0x558f5ab56840,8,0x558f5ab585e0,Garrott
0x558f5ab567e0,6,0x558f5ab58640,Garry
0x558f5ab56660,6,0x558f5ab586a0,Garth
0x558f5ab57ec0,5,0x558f5ab586c0,Garv
0x558f5ab56600,7,0x558f5ab58720,Garvey
0x558f5ab565a0,7,0x558f5ab58780,Garvin
0x558f5ab58660,6,0x558f5ab587a0,Garvy
0x558f5ab58740,7,0x558f5ab58800,Garwin
0x558f5ab587c0,8,0x558f5ab58860,Garwood
0x558f5ab56fe0,5,0x558f5ab58880,Gary
0x558f5ab56540,7,0x558f5ab588e0,Gaspar
0x558f5ab55a10,6,0x558f5ab58960,Karel
0x558f5ab588a0,7,0x558f5ab58980,Gasper
0x558f5ab5ee80,5,0x558f5ab58a00,John
0x558f5aba4a20,4,0x558f5ab58a60,Gav
0x558f5ab54a70,7,0x558f5ab58ae0,Jessie
0x558f5ab93c00,7,0x558f5ab58b60,Joseph
0x558f5aba4b20,4,0x558f5ab58bc0,Gay
0x558f5ab95740,6,0x558f5ab58c40,Julio
0x558f5ab58ee0,9,0x558f5ab58d00,Robinson
0x558f5ab56e20,5,0x558f5ab58da0,Gene
0x558f5ab56b80,5,0x558f5ab58dc0,Geno
0x558f5ab9ae60,3
0x558f5ab9d420,8,0x558f5ab58e80,Reinold
0x558f5ab55df0,10,0x558f5ab58f00,Reginauld
0x558f5ab553b0,6,0x558f5ab58fc0,Johan
0x558f5ab58540,5,0x558f5ab59220,Geri
0x558f5ab595a0,10,0x558f5ab594e0,Justinian
0x558f5aba4be0,4,0x558f5ab596c0,Gib
0x558f5ab9f8e0,1
0x558f5ab95000,4,0x558f5ab59960,Gil
0x558f5ab55450,1
0x558f5ab98a40,8,0x558f5ab59aa0,Richard
0x558f5ab96d20,1
0x558f5ab9c2a0,3
0x558f5ab55bf0,7,0x558f5ab59ea0,Reilly
0x558f5ab56170,9,0x558f5ab59f20,Jonathan
0x558f5ab559b0,9,0x558f5ab59f60,Johannes
0x558f5ab952c0,7,0x558f5ab59fe0,Julian
0x558f5ab55330,5,0x558f5ab5a460,Joey
0x558f5ab945c0,5,0x558f5ab5a4e0,Judd
0x558f5ab99940,7,0x558f5ab5a520,Robert
0x558f5ab962c0,6,0x558f5ab5a820,Karim
0x558f5ab949c0,7,0x558f5ab5ac60,Josiah
0x558f5ab5bae0,6,0x558f5ab5ada0,Jimmy
0x558f5ab93c80,5,0x558f5ab5afe0,Josh
0x558f5ab96ec0,4,0x558f5ab5b040,Gun
0x558f5ab9dd00,4,0x558f5ab5b1a0,Gus
0x558f5ab9f040,4,0x558f5ab5b400,Guy
0x558f5ab9f640,4,0x558f5ab5b420,Had
0x558f5ab96900,6,0x558f5ab5b4e0,Rikki
0x558f5ab552f0,7,0x558f5ab5b560,Reggis
0x558f5ab95200,6,0x558f5ab5b5e0,Ricki
0x558f5ab9fb00,4,0x558f5ab5b6c0,Hal
0x558f5ab9d500,8,0x558f5ab5b740,Riordan
0x558f5ab57800,4,0x558f5ab5b8a0,Ham
0x558f5ab5cfa0,2
0x558f5ab5c3a0,2
0x558f5ab9bec0,9,0x558f5ab5bba0,Richmond
0x558f5ab551b0,4,0x558f5ab5bd20,Joe
0x558f5ab94dc0,7,0x558f5ab5bf20,Josias
0x558f5ab995c0,7,0x558f5ab5bf60,Robers
0x558f5ab557f0,7,0x558f5ab5c120,Johann
0x558f5ab54d70,6,0x558f5ab5c420,Reggy
0x558f5ab94d40,5,0x558f5ab5c4a0,Jule
0x558f5ab5e2e0,1
0x558f5ab96940,7,0x558f5ab5cb20,Kareem
0x558f5ab5ff00,3
0x558f5ab56d40,4,0x558f5ab5d000,Hew
0x558f5aba1aa0,3,0x558f5ab5d1a0,Hi
0x558f5ab94900,8,0x558f5ab5d1e0,Joshuah
0x558f5ab55eb0,10,0x558f5ab5d320,Johnathan
0x558f5ab95900,7,0x558f5ab5d4e0,Ricard
0x558f5ab94080,5,0x558f5ab5d520,Rich
0x558f5ab5e580,5,0x558f5ab5d5a0,Kale
0x558f5ab5f940,2
0x558f5ab961c0,6,0x558f5ab5d8e0,Kalle
0x558f5ab93900,7,0x558f5ab5de20,Renard
0x558f5ab96500,9,0x558f5ab5e060,Reinhold
0x558f5ab95040,6,0x558f5ab5e3e0,Judon
0x558f5aba2980,3,0x558f5ab5e440,Hy
0x558f5ab94a40,6,0x558f5ab5e4c0,Judas
0x558f5ab58480,4,0x558f5ab5e5a0,Ian
0x558f5ab93980,6,0x558f5ab5e660,Rhett
0x558f5ab55570,6,0x558f5ab5e6a0,Jonah
0x558f5ab55cd0,5,0x558f5ab5e6e0,Rene
0x558f5ab93d00,5,0x558f5ab5e820,Rice
0x558f5ab568c0,4,0x558f5ab5e880,Ike
0x558f5ab54df0,7,0x558f5ab5e900,Jimmie
0x558f5ab94500,7,0x558f5ab5ea80,Joshia
0x558f5ab5ff80,7,0x558f5ab5eb00,Justis
0x558f5ab9f300,8,0x558f5ab5ed80,Robinet
0x558f5ab585a0,4,0x558f5ab5ede0,Ira
0x558f5ab58820,4,0x558f5ab5ee00,Irv
0x558f5ab9f440,8,0x558f5ab5f280,Roderic
0x558f5ab94200,8,0x558f5ab5f300,Joseito
0x558f5ab96f20,4,0x558f5ab5f340,Jon
0x558f5ab94780,7,0x558f5ab5f500,Joshua
0x558f5ab590c0,2
0x558f5ab9a1c0,6,0x558f5ab5f600,Roddy
0x558f5ab543b0,5,0x558f5ab5fb00,Jock
0x558f5ab93640,7,0x558f5ab5fdc0,Jordon
0x558f5ab95f40,5,0x558f5ab5fe80,Ring
0x558f5ab93780,6,0x558f5ab60040,Reube
0x558f5ab540d0,6,0x558f5ab60200,Reese
0x558f5aba2ac0,3,0x558f5ab602c0,Jo
0x558f5ab93e00,7,0x558f5ab60500,Renato
0x558f5ab5d100,9,0x558f5ab60580,Kahaleel
0x558f5ab55f70,10,0x558f5ab60840,Johnathon
0x558f5aba01e0,1
0x558f5ab9bd20,5,0x558f5ab60a00,Juan
0x558f5ab54d30,7,0x558f5ab60b40,Jethro
0x558f5ab96e80,7,0x558f5ab60e00,Karlan
0x558f5ab96f00,8,0x558f5ab60e20,Karlens
0x558f5ab97380,7,0x558f5ab60e40,Karlik
0x558f5ab97640,7,0x558f5ab60ea0,Karlis
0x558f5ab97840,7,0x558f5ab60f00,Karney
0x558f5ab97b40,7,0x558f5ab60f60,Karoly
0x558f5ab97d00,7,0x558f5ab60fc0,Kaspar
0x558f5ab98080,7,0x558f5ab61020,Kasper
0x558f5ab95ce0,6,0x558f5ab61040,Kayne
0x558f5ab97100,5,0x558f5ab610a0,Kean
0x558f5ab97240,6,0x558f5ab610c0,Keane
0x558f5ab98a00,8,0x558f5ab61120,Kearney
0x558f5ab97f40,6,0x558f5ab61140,Keary
0x558f5ab98180,6,0x558f5ab61160,Keefe
0x558f5ab98240,7,0x558f5ab61180,Keefer
0x558f5ab98580,7,0x558f5ab611a0,Keelby
0x558f5ab97300,5,0x558f5ab611c0,Keen
0x558f5ab98c40,7,0x558f5ab61220,Keenan
0x558f5ab98500,6,0x558f5ab61240,Keene
0x558f5ab97ec0,5,0x558f5ab61260,Keir
0x558f5ab98d80,6,0x558f5ab612c0,Keith
0x558f5ab98f00,7,0x558f5ab61320,Kelbee
0x558f5ab98f80,6,0x558f5ab61380,Kelby
0x558f5ab98e40,5,0x558f5ab613a0,Kele
0x558f5ab99240,7,0x558f5ab613c0,Kellby
0x558f5ab99400,7,0x558f5ab61420,Kellen
0x558f5ab99500,7,0x558f5ab61440,Kelley
0x558f5ab991c0,6,0x558f5ab61460,Kelly
0x558f5ab996c0,7,0x558f5ab614c0,Kelsey
0x558f5ab9a000,7,0x558f5ab614e0,Kelvin
0x558f5ab9a2c0,7,0x558f5ab61500,Kelwin
0x558f5ab5abe0,4,0x558f5ab61520,Ken
0x558f5ab9a5c0,7,0x558f5ab61580,Kendal
0x558f5ab9a780,8,0x558f5ab615e0,Kendall
0x558f5ab9a8c0,8,0x558f5ab61640,Kendell
0x558f5ab9aac0,9,0x558f5ab616a0,Kendrick
0x558f5ab9af00,10,0x558f5ab61700,Kendricks
0x558f5ab992c0,5,0x558f5ab61760,Kenn
0x558f5ab9ab80,7,0x558f5ab617c0,Kennan
0x558f5ab9ac40,8,0x558f5ab617e0,Kennedy
0x558f5ab9b000,8,0x558f5ab61840,Kenneth
0x558f5ab9b300,8,0x558f5ab618a0,Kennett
0x558f5ab9b600,7,0x558f5ab61900,Kennie
0x558f5ab9b6c0,8,0x558f5ab61920,Kennith
0x558f5ab999c0,6,0x558f5ab61940,Kenny
0x558f5ab9a340,6,0x558f5ab61960,Kenon
0x558f5ab997c0,5,0x558f5ab61980,Kent
0x558f5ab9b780,7,0x558f5ab619e0,Kenton
0x558f5ab9bac0,7,0x558f5ab61a40,Kenyon
0x558f5ab5f040,4,0x558f5ab61a60,Ker
0x558f5ab9aa40,6,0x558f5ab61a80,Kerby
0x558f5ab9a100,5,0x558f5ab61aa0,Kerk
0x558f5ab9bc80,7,0x558f5ab61b00,Kermie
0x558f5ab9be80,7,0x558f5ab61b60,Kermit
0x558f5ab9b800,6,0x558f5ab61b80,Kermy
0x558f5ab9ae40,5,0x558f5ab61ba0,Kerr
0x558f5ab9c140,6,0x558f5ab61c00,Kerry
0x558f5ab9c240,7,0x558f5ab61c60,Kerwin
0x558f5ab9c4c0,8,0x558f5ab61cc0,Kerwinn
0x558f5ab5b180,4,0x558f5ab61ce0,Kev
0x558f5ab9c600,6,0x558f5ab61d00,Kevan
0x558f5ab9c700,6,0x558f5ab61d60,Keven
0x558f5ab9c780,6,0x558f5ab61dc0,Kevin
0x558f5ab9c8c0,6,0x558f5ab61e20,Kevon
0x558f5ab9c980,7,0x558f5ab61e40,Khalil
0x558f5ab9b940,5,0x558f5ab61e60,Kiel
0x558f5ab9cac0,7,0x558f5ab61ec0,Kienan
0x558f5ab9ba00,5,0x558f5ab61ee0,Kile
0x558f5ab9ca00,6,0x558f5ab61f00,Kiley
0x558f5ab9cb80,7,0x558f5ab61f60,Kilian
0x558f5ab9cd80,8,0x558f5ab61fc0,Killian
0x558f5ab9cec0,7,0x558f5ab62020,Killie
0x558f5ab9d080,6,0x558f5ab62040,Killy
0x558f5ab60700,4,0x558f5ab62060,Kim
0x558f5ab9d4c0,8,0x558f5ab62080,Kimball
0x558f5ab9da40,8,0x558f5ab620e0,Kimbell
0x558f5ab9d240,7,0x558f5ab62100,Kimble
0x558f5ab94300,4,0x558f5ab62120,Kin
0x558f5ab9e0c0,8,0x558f5ab62180,Kincaid
0x558f5ab9d140,5,0x558f5ab621e0,King
0x558f5ab9e340,9,0x558f5ab62240,Kingsley
0x558f5ab9e6c0,8,0x558f5ab622a0,Kingsly
0x558f5ab9e840,9,0x558f5ab62300,Kingston
0x558f5ab9d540,7,0x558f5ab62320,Kinnie
0x558f5ab9d7c0,6,0x558f5ab62380,Kinny
0x558f5ab9e9c0,8,0x558f5ab623e0,Kinsley
0x558f5ab956c0,4,0x558f5ab62400,Kip
0x558f5ab9d340,5,0x558f5ab62420,Kipp
0x558f5ab9dc40,7,0x558f5ab62440,Kippar
0x558f5ab9dd40,7,0x558f5ab62460,Kipper
0x558f5ab9df80,7,0x558f5ab62480,Kippie
0x558f5ab9d940,6,0x558f5ab624a0,Kippy
0x558f5ab9de40,6,0x558f5ab624c0,Kirby
0x558f5ab9e040,5,0x558f5ab62520,Kirk
0x558f5ab95e00,4,0x558f5ab62540,Kit
0x558f5ab9e400,6,0x558f5ab625a0,Klaus
0x558f5ab9ef00,8,0x558f5ab62600,Klemens
0x558f5ab9f080,8,0x558f5ab62660,Klement
0x558f5ab9e4c0,6,0x558f5ab626c0,Kleon
0x558f5ab9f540,8,0x558f5ab62720,Kliment
0x558f5ab9e580,5,0x558f5ab62780,Knox
0x558f5ab9f880,9,0x558f5ab627e0,Koenraad
0x558f5ab9eb40,7,0x558f5ab62800,Konrad
0x558f5ab9fb40,11,0x558f5ab62860,Konstantin
0x558f5aba0580,12,0x558f5ab628c0,Konstantine
0x558f5ab9eac0,6,0x558f5ab628e0,Korey
0x558f5ab9ebc0,5,0x558f5ab62900,Kort
0x558f5ab9ec40,5,0x558f5ab62920,Kory
0x558f5ab9ed40,5,0x558f5ab62980,Kris
0x558f5ab9fcc0,7,0x558f5ab629a0,Krisha
0x558f5ab58940,8,0x558f5ab629c0,Krishna
0x558f5ab589e0,9,0x558f5ab62a20,Krishnah
0x558f5ab58be0,8,0x558f5ab62a80,Krispin
0x558f5ab58d60,9,0x558f5ab62ae0,Kristian
0x558f5ab9ffc0,7,0x558f5ab62b00,Kristo
0x558f5ab58fa0,10,0x558f5ab62b60,Kristofer
0x558f5ab59060,11,0x558f5ab62bc0,Kristoffer
0x558f5ab59120,10,0x558f5ab62c20,Kristofor
0x558f5ab59280,11,0x558f5ab62c80,Kristoforo
0x558f5ab59340,11,0x558f5ab62ce0,Kristopher
0x558f5ab591e0,8,0x558f5ab62d40,Kristos
0x558f5ab9f3c0,5,0x558f5ab62da0,Kurt
0x558f5aba02c0,7,0x558f5ab62dc0,Kurtis
0x558f5aba3780,3,0x558f5ab62de0,Ky
0x558f5ab9f740,5,0x558f5ab62e40,Kyle
0x558f5aba01c0,6,0x558f5ab62e60,Kylie
0x558f5aba0840,6,0x558f5ab62e80,Laird
0x558f5ab9fac0,5,0x558f5ab62ea0,Lalo
0x558f5aba0a00,6,0x558f5ab62ec0,Lamar
0x558f5ab59480,8,0x558f5ab62f20,Lambert
0x558f5ab59580,8,0x558f5ab62f80,Lammond
0x558f5ab58b40,7,0x558f5ab62fa0,Lamond
0x558f5ab58ea0,7,0x558f5ab62fc0,Lamont
0x558f5ab58ac0,6,0x558f5ab62fe0,Lance
0x558f5ab59760,9,0x558f5ab63040,Lancelot
0x558f5ab598e0,5,0x558f5ab630a0,Land
0x558f5ab59a00,5,0x558f5ab63100,Lane
0x558f5ab59c80,6,0x558f5ab63160,Laney
0x558f5ab59d80,9,0x558f5ab63180,Langsdon
0x558f5ab59ec0,9,0x558f5ab631e0,Langston
0x558f5ab5a100,6,0x558f5ab63240,Lanie
0x558f5ab5a200,7,0x558f5ab632a0,Lannie
0x558f5ab5a280,6,0x558f5ab632c0,Lanny
0x558f5ab5a340,6,0x558f5ab63320,Larry
0x558f5ab59b40,5,0x558f5ab63340,Lars
0x558f5ab5a440,9,0x558f5ab633a0,Laughton
0x558f5ab5a540,7,0x558f5ab633c0,Launce
0x558f5ab5a5c0,7,0x558f5ab63420,Lauren
0x558f5ab5a7c0,9,0x558f5ab63480,Laurence
0x558f5ab5a880,8,0x558f5ab634e0,Laurens
0x558f5ab5aa40,8,0x558f5ab63540,Laurent
0x558f5ab5a740,7,0x558f5ab63560,Laurie
0x558f5ab5abc0,8,0x558f5ab63580,Lauritz
0x558f5ab987c0,4,0x558f5ab635a0,Law
0x558f5ab5ad40,9,0x558f5ab63600,Lawrence
0x558f5ab5ab00,6,0x558f5ab63660,Lawry
0x558f5ab5acc0,7,0x558f5ab636c0,Lawton
0x558f5ab99d40,4,0x558f5ab636e0,Lay
0x558f5ab5aec0,7,0x558f5ab63740,Layton
0x558f5ab5ac40,6,0x558f5ab63760,Lazar
0x558f5ab5af80,7,0x558f5ab637c0,Lazare
0x558f5ab5b0a0,7,0x558f5ab637e0,Lazaro
0x558f5ab5b120,8,0x558f5ab63840,Lazarus
0x558f5ab9a480,4,0x558f5ab63860,Lee
0x558f5ab5b380,8,0x558f5ab63880,Leeland
0x558f5ab5b580,6,0x558f5ab638a0,Lefty
0x558f5ab5b900,10,0x558f5ab63900,Leicester
0x558f5ab59e40,5,0x558f5ab63920,Leif
0x558f5ab5b600,6,0x558f5ab63940,Leigh
0x558f5ab5bd00,9,0x558f5ab639a0,Leighton
0x558f5ab9b200,4,0x558f5ab639c0,Lek
0x558f5ab5b820,7,0x558f5ab639e0,Leland
0x558f5ab9b8c0,4,0x558f5ab63a00,Lem
0x558f5ab5ba00,6,0x558f5ab63a60,Lemar
0x558f5ab5bac0,7,0x558f5ab63a80,Lemmie
0x558f5ab5bc00,6,0x558f5ab63ae0,Lemmy
0x558f5ab5bec0,7,0x558f5ab63b40,Lemuel
0x558f5ab5c000,7,0x558f5ab63ba0,Lenard
0x558f5ab5c100,6,0x558f5ab63c00,Lenci
0x558f5ab5c240,8,0x558f5ab63c60,Lennard
0x558f5ab5c340,7,0x558f5ab63cc0,Lennie
0x558f5ab9cd00,4,0x558f5ab63ce0,Leo
0x558f5ab5a6c0,5,0x558f5ab63d00,Leon
0x558f5ab5c440,8,0x558f5ab63d60,Leonard
0x558f5ab5c500,9,0x558f5ab63dc0,Leonardo
0x558f5ab5c6c0,8,0x558f5ab63e20,Leonerd
0x558f5ab5c800,9,0x558f5ab63e80,Leonhard
0x558f5ab5c3c0,7,0x558f5ab63ea0,Leonid
0x558f5ab5c900,9,0x558f5ab63ec0,Leonidas
0x558f5ab5ca80,8,0x558f5ab63f20,Leopold
0x558f5ab5c600,6,0x558f5ab63f80,Leroi
0x558f5ab5c780,6,0x558f5ab63fe0,Leroy
0x558f5ab5bf80,4,0x558f5ab64040,Les
0x558f5ab5cbc0,7,0x558f5ab640a0,Lesley
0x558f5ab5cc80,7,0x558f5ab64100,Leslie
0x558f5ab5cd80,7,0x558f5ab64160,Lester
0x558f5ab5cec0,8,0x558f5ab641c0,Leupold
0x558f5ab5c980,4,0x558f5ab64220,Lev
0x558f5ab5ca00,6,0x558f5ab64240,Levey
0x558f5ab5cf80,5,0x558f5ab642a0,Levi
0x558f5ab5d060,6,0x558f5ab64300,Levin
0x558f5ab5d1c0,6,0x558f5ab64360,Levon
0x558f5ab5d280,5,0x558f5ab643c0,Levy
0x558f5ab5d3c0,4,0x558f5ab64420,Lew
0x558f5ab5d480,6,0x558f5ab64480,Lewes
0x558f5ab5d540,6,0x558f5ab644e0,Lewie
0x558f5ab5d7c0,7,0x558f5ab64540,Lewiss
0x558f5ab5d880,7,0x558f5ab645a0,Lezley
0x558f5ab5dc80,5,0x558f5ab64600,Liam
0x558f5ab5dd00,5,0x558f5ab64620,Lief
0x558f5ab5df00,4,0x558f5ab64680,Lin
0x558f5ab5dfc0,5,0x558f5ab646e0,Linc
0x558f5ab5e1c0,8,0x558f5ab64740,Lincoln
0x558f5ab5e300,5,0x558f5ab647a0,Lind
0x558f5ab5e3c0,7,0x558f5ab64800,Lindon
0x558f5ab5e4a0,8,0x558f5ab64860,Lindsay
0x558f5ab5e560,8,0x558f5ab648c0,Lindsey
0x558f5ab5e740,6,0x558f5ab64920,Lindy
0x558f5ab5e680,5,0x558f5ab64940,Link
0x558f5ab5e840,5,0x558f5ab649a0,Linn
0x558f5ab5ea20,7,0x558f5ab64a00,Linoel
0x558f5ab5eae0,6,0x558f5ab64a60,Linus
0x558f5ab5eba0,5,0x558f5ab64ac0,Lion
0x558f5ab5ec20,7,0x558f5ab64b20,Lionel
0x558f5ab5ece0,9,0x558f5ab64b80,Lionello
0x558f5ab5eda0,6,0x558f5ab64ba0,Lisle
0x558f5ab5ee60,10,0x558f5ab64c00,Llewellyn
0x558f5ab5ef20,6,0x558f5ab64c60,Lloyd
0x558f5ab5f0a0,10,0x558f5ab64cc0,Llywellyn
0x558f5ab5f020,5,0x558f5ab64ce0,Lock
0x558f5ab5f220,6,0x558f5ab64d40,Locke
0x558f5ab5f2e0,9,0x558f5ab64da0,Lockwood
0x558f5ab5f460,9,0x558f5ab64e00,Lodovico
0x558f5ab5f660,6,0x558f5ab64e60,Logan
0x558f5ab5f8e0,8,0x558f5ab64ec0,Lombard
0x558f5ab5f5a0,4,0x558f5ab64f20,Lon
0x558f5ab5fa60,8,0x558f5ab64f80,Lonnard
0x558f5ab5f760,7,0x558f5ab64fa0,Lonnie
0x558f5ab5f820,6,0x558f5ab64fc0,Lonny
0x558f5ab5fbe0,7,0x558f5ab64fe0,Lorant
0x558f5ab5fc60,6,0x558f5ab65040,Loren
0x558f5ab5fd60,7,0x558f5ab650a0,Lorens
0x558f5ab5fea0,8,0x558f5ab65100,Lorenzo
0x558f5ab5ffe0,6,0x558f5ab65160,Lorin
0x558f5ab60120,6,0x558f5ab65180,Lorne
0x558f5ab602a0,7,0x558f5ab651a0,Lorrie
0x558f5ab60220,6,0x558f5ab651c0,Lorry
0x558f5ab60520,9,0x558f5ab65220,Lothaire
0x558f5ab605e0,9,0x558f5ab65280,Lothario
0x558f5ab601a0,4,0x558f5ab652a0,Lou
0x558f5ab60420,6,0x558f5ab652c0,Louie
0x558f5ab60820,6,0x558f5ab65320,Louis
0x558f5ab60b20,7,0x558f5ab65340,Lovell
0x558f5ab606e0,5,0x558f5ab65360,Lowe
0x558f5ab60c60,7,0x558f5ab653c0,Lowell
0x558f5ab652e0,9,0x558f5ab65420,Lowrance
0x558f5ab603a0,4,0x558f5ab65440,Loy
0x558f5ab653e0,7,0x558f5ab654a0,Loydie
0x558f5ab60d20,5,0x558f5ab65500,Luca
0x558f5ab65460,7,0x558f5ab65560,Lucais
0x558f5ab65380,6,0x558f5ab65580,Lucas
0x558f5ab65520,5,0x558f5ab655e0,Luce
0x558f5ab655a0,6,0x558f5ab65640,Lucho
0x558f5ab65600,7,0x558f5ab656a0,Lucian
0x558f5ab65660,8,0x558f5ab65700,Luciano
0x558f5ab65240,7,0x558f5ab65760,Lucias
0x558f5ab651e0,7,0x558f5ab657c0,Lucien
0x558f5ab656c0,6,0x558f5ab657e0,Lucio
0x558f5ab650c0,7,0x558f5ab65840,Lucius
0x558f5ab65800,9,0x558f5ab658a0,Ludovico
0x558f5ab65060,7,0x558f5ab65900,Ludvig
0x558f5ab64f40,7,0x558f5ab65960,Ludwig
0x558f5ab65000,6,0x558f5ab65980,Luigi
0x558f5ab65720,5,0x558f5ab659a0,Luis
0x558f5ab65920,6,0x558f5ab65a00,Lukas
0x558f5ab65860,5,0x558f5ab65a20,Luke
0x558f5ab64e80,7,0x558f5ab65a80,Lutero
0x558f5ab64e20,7,0x558f5ab65ae0,Luther
0x558f5aba3b60,3,0x558f5ab65b00,Ly
0x558f5ab65aa0,6,0x558f5ab65b60,Lydon
0x558f5ab64dc0,6,0x558f5ab65b80,Lyell
0x558f5ab64d60,5,0x558f5ab65be0,Lyle
0x558f5ab65ba0,6,0x558f5ab65c40,Lyman
0x558f5ab658c0,4,0x558f5ab65c60,Lyn
0x558f5ab64c80,5,0x558f5ab65cc0,Lynn
0x558f5ab65c80,5,0x558f5ab65d20,Lyon
0x558f5ab659c0,4,0x558f5ab65d40,Mac
0x558f5ab65ce0,5,0x558f5ab65da0,Mace
0x558f5ab65d60,5,0x558f5ab65e00,Mack
0x558f5ab649c0,10,0x558f5ab65e60,Mackenzie
0x558f5ab64960,7,0x558f5ab65ec0,Maddie
0x558f5ab64ae0,6,0x558f5ab65ee0,Maddy
0x558f5ab65e80,8,0x558f5ab65f40,Madison
0x558f5ab65f00,7,0x558f5ab65fa0,Magnum
0x558f5ab65f60,8,0x558f5ab66000,Mahmoud
0x558f5ab647c0,7,0x558f5ab66060,Mahmud
0x558f5ab64700,7,0x558f5ab660c0,Maison
0x558f5ab65fc0,5,0x558f5ab66120,Maje
0x558f5ab66080,6,0x558f5ab66180,Major
0x558f5ab65a40,4,0x558f5ab661a0,Mal
0x558f5ab64560,8,0x558f5ab66200,Malachi
0x558f5ab644a0,7,0x558f5ab66260,Malchy
0x558f5ab66220,8,0x558f5ab662c0,Malcolm
0x558f5ab66280,8,0x558f5ab66320,Mallory
0x558f5ab662e0,7,0x558f5ab66380,Malvin
0x558f5ab65c00,4,0x558f5ab663a0,Man
0x558f5ab64380,7,0x558f5ab66400,Mandel
0x558f5ab663c0,8,0x558f5ab66420,Manfred
0x558f5ab64320,7,0x558f5ab66480,Mannie
0x558f5ab64500,6,0x558f5ab664a0,Manny
0x558f5ab64880,5,0x558f5ab664c0,Mano
0x558f5ab642c0,7,0x558f5ab66520,Manolo
0x558f5ab664e0,7,0x558f5ab66580,Manuel
0x558f5ab65dc0,4,0x558f5ab665a0,Mar
0x558f5ab66140,5,0x558f5ab665c0,Marc
0x558f5ab64120,7,0x558f5ab66620,Marcel
0x558f5ab665e0,9,0x558f5ab66680,Marcello
0x558f5ab640c0,10,0x558f5ab666e0,Marcellus
0x558f5ab64060,8,0x558f5ab66740,Marcelo
0x558f5ab63ee0,9,0x558f5ab667a0,Marchall
0x558f5ab66440,6,0x558f5ab667c0,Marco
0x558f5ab66640,7,0x558f5ab667e0,Marcos
0x558f5ab66760,7,0x558f5ab66840,Marcus
0x558f5ab63d80,7,0x558f5ab668a0,Marijn
0x558f5ab66540,6,0x558f5ab668c0,Mario
0x558f5ab63b60,7,0x558f5ab66920,Marion
0x558f5ab668e0,7,0x558f5ab66980,Marius
0x558f5ab64640,5,0x558f5ab669a0,Mark
0x558f5ab63b00,7,0x558f5ab669c0,Markos
0x558f5ab63960,7,0x558f5ab66a20,Markus
0x558f5ab669e0,7,0x558f5ab66a80,Marlin
0x558f5ab63de0,6,0x558f5ab66aa0,Marlo
0x558f5ab63800,7,0x558f5ab66ac0,Marlon
0x558f5ab63780,7,0x558f5ab66b20,Marlow
0x558f5ab635c0,8,0x558f5ab66b80,Marlowe
0x558f5ab66b40,10,0x558f5ab66be0,Marmaduke
0x558f5ab63500,6,0x558f5ab66c40,Marsh
0x558f5ab634a0,8,0x558f5ab66ca0,Marshal
0x558f5ab66c60,9,0x558f5ab66d00,Marshall
0x558f5ab666a0,5,0x558f5ab66d20,Mart
0x558f5ab63360,9,0x558f5ab66d80,Martainn
0x558f5ab633e0,7,0x558f5ab66de0,Marten
0x558f5ab632e0,7,0x558f5ab66e40,Martie
0x558f5ab631a0,7,0x558f5ab66ea0,Martin
0x558f5ab66e60,8,0x558f5ab66f00,Martino
0x558f5ab63440,6,0x558f5ab66f20,Marty
0x558f5ab66ec0,7,0x558f5ab66f80,Martyn
0x558f5ab66860,5,0x558f5ab66fa0,Marv
0x558f5ab66d40,6,0x558f5ab66fc0,Marve
0x558f5ab63120,7,0x558f5ab67020,Marven
0x558f5ab630c0,7,0x558f5ab67080,Marvin
0x558f5ab63060,7,0x558f5ab670e0,Marwin
0x558f5ab670a0,6,0x558f5ab67140,Mason
0x558f5ab62aa0,13,0x558f5ab671a0,Massimiliano
0x558f5ab62f40,8,0x558f5ab671c0,Massimo
0x558f5ab66a40,5,0x558f5ab671e0,Mata
0x558f5ab62ee0,6,0x558f5ab67240,Mateo
0x558f5ab67200,6,0x558f5ab67260,Mathe
0x558f5ab62a40,7,0x558f5ab672c0,Mathew
0x558f5ab67280,8,0x558f5ab67320,Mathian
0x558f5ab627a0,8,0x558f5ab67380,Mathias
0x558f5ab626e0,7,0x558f5ab673e0,Matias
0x558f5ab66ae0,5,0x558f5ab67400,Matt
0x558f5ab62260,7,0x558f5ab67460,Matteo
0x558f5ab62140,10,0x558f5ab674c0,Matthaeus
0x558f5ab620a0,9,0x558f5ab67520,Mattheus
0x558f5ab674e0,8,0x558f5ab67580,Matthew
0x558f5ab61e80,9,0x558f5ab675a0,Matthias
0x558f5ab61d80,9,0x558f5ab67600,Matthieu
0x558f5ab61c20,9,0x558f5ab67660,Matthiew
0x558f5ab67620,8,0x558f5ab67680,Matthus
0x558f5ab61ac0,8,0x558f5ab676e0,Mattias
0x558f5ab67540,7,0x558f5ab67700,Mattie
0x558f5ab672e0,6,0x558f5ab67720,Matty
0x558f5ab676a0,8,0x558f5ab67780,Maurice
0x558f5ab67740,9,0x558f5ab677e0,Mauricio
0x558f5ab61a00,7,0x558f5ab67840,Maurie
0x558f5ab61600,8,0x558f5ab67860,Maurise
0x558f5ab613e0,8,0x558f5ab678c0,Maurits
0x558f5ab61340,9,0x558f5ab67920,Maurizio
0x558f5ab62820,6,0x558f5ab67940,Maury
0x558f5ab64bc0,4,0x558f5ab67960,Max
0x558f5ab625c0,6,0x558f5ab67980,Maxie
0x558f5ab67480,6,0x558f5ab679a0,Maxim
0x558f5ab60f80,11,0x558f5ab679c0,Maximilian
0x558f5ab60e60,7,0x558f5ab67aa0,Maximo
0x558f5ab66ba0,5,0x558f5ab67b00,Maxy
0x558f5ab61f20,6,0x558f5ab67b20,Mayer
0x558f5ab61860,6,0x558f5ab67b80,Mayne
0x558f5ab6cf00,4,0x558f5ab67bc0,Rex
0x558f5ab61660,6,0x558f5ab67be0,Mayor
0x558f5ab62ca0,5,0x558f5ab67c00,Mead
0x558f5ab62b20,5,0x558f5ab67ca0,Meir
0x558f5ab64a20,4,0x558f5ab67cc0,Mel
0x558f5ab68760,4,0x558f5ab67d80,Rod
0x558f5ab54670,6,0x558f5ab67e00,Regen
0x558f5ab673a0,5,0x558f5ab680a0,Merv
0x558f5ab553f0,9,0x558f5ab680e0,Reginald
0x558f5ab64820,4,0x558f5ab68200,Mic
0x558f5ab62200,5,0x558f5ab68460,Mick
0x558f5ab61d20,5,0x558f5ab685c0,Mike
0x558f5ab96200,5,0x558f5ab68600,Robb
0x558f5ab61b20,5,0x558f5ab686e0,Mile
0x558f5ab64760,4,0x558f5ab68b00,Moe
0x558f5ab9e600,8,0x558f5ab68e40,Robbert
0x558f5ab96580,9,0x558f5ab693c0,Reinwald
0x558f5ab98880,7,0x558f5ab695c0,Ripley
0x558f5aba4640,3,0x558f5ab697a0,My
0x558f5ab691c0,3
0x558f5ab95b00,7,0x558f5ab69920,Rickey
0x558f5ab93840,8,0x558f5ab69a20,Renaldo
0x558f5ab66340,4,0x558f5ab69a40,Nap
0x558f5ab643e0,4,0x558f5ab69b20,Nat
0x558f5ab63d20,4,0x558f5ab69f40,Ned
0x558f5ab9c900,9,0x558f5ab6a180,Ricoriki
0x558f5ab66c00,4,0x558f5ab6a2e0,Nev
0x558f5ab93a80,9,0x558f5ab6a460,Reinaldo
0x558f5ab6f280,2
0x558f5ab5c6a0,6,0x558f5ab6a9e0,Remus
0x558f5ab9f620,6,0x558f5ab6aaa0,Robin
0x558f5ab54c30,7,0x558f5ab6ab20,Reggie
0x558f5ab67100,4,0x558f5ab6ad80,Nil
0x558f5ab97a00,6,0x558f5ab6ae40,Riley
0x558f5ab63000,4,0x558f5ab6b0a0,Noe
0x558f5ab56030,7,0x558f5ab6b120,Renado
0x558f5ab989c0,7,0x558f5ab6b320,Roarke
0x558f5ab62be0,4,0x558f5ab6b600,Nye
0x558f5ab62880,4,0x558f5ab6b820,Oby
0x558f5ab62620,4,0x558f5ab6b880,Ode
0x558f5ab59300,9,0x558f5ab6b940,Rockwell
0x558f5ab622c0,4,0x558f5ab6b960,Odo
0x558f5ab61fe0,4,0x558f5ab6b980,Ody
0x558f5ab61f80,4,0x558f5ab6bae0,Ole
0x558f5ab6bf20,1
0x558f5ab95180,4,0x558f5ab6bba0,Rob
0x558f5ab55370,7,0x558f5ab6bbe0,Reidar
0x558f5ab93500,8,0x558f5ab6bd20,Reinald
0x558f5ab6e980,3
0x558f5ab99b00,6,0x558f5ab6c120,Rocky
0x558f5ab677a0,4,0x558f5ab6c200,Orv
0x558f5ab95540,9,0x558f5ab6c400,Reinhard
0x558f5ab61800,4,0x558f5ab6cf60,Pat
0x558f5ab6f800,10,0x558f5ab6d1a0,Reinaldos
0x558f5ab9ac80,7,0x558f5ab6d360,Rockie
0x558f5ab966c0,10,0x558f5ab6d620,Remington
0x558f5ab95380,8,0x558f5ab6d720,Renault
0x558f5ab951a0,1
0x558f5ab616c0,4,0x558f5ab6d780,Pen
0x558f5ab941c0,7,0x558f5ab6d840,Renaud
0x558f5ab69d20,2
0x558f5ab68c40,4,0x558f5ab6d940,Rem
0x558f5ab963c0,6,0x558f5ab6db00,Ricky
0x558f5ab55cb0,4,0x558f5ab6dd40,Ric
0x558f5ab6ae80,3
0x558f5ab54570,6,0x558f5ab6e3c0,Regan
0x558f5ab99700,9,0x558f5ab6e640,Riccardo
0x558f5ab98c00,8,0x558f5ab6e740,Richart
0x558f5ab9c080,8,0x558f5ab6e880,Rickert
0x558f5ab96ac0,8,0x558f5ab6ea40,Reynold
0x558f5ab6a040,5,0x558f5ab6eb40,Rock
0x558f5ab5f080,1
0x558f5ab55670,7,0x558f5ab6eec0,Reider
0x558f5ab9c200,7,0x558f5ab6f580,Roddie
0x558f5ab94cc0,4,0x558f5ab6fb20,Rik
0x558f5ab597e0,9,0x558f5ab6fb40,Roderich
0x558f5ab6ef00,9,0x558f5ab6fba0,Roderick
0x558f5ab599c0,9,0x558f5ab6fbc0,Roderigo
0x558f5ab9a240,6,0x558f5ab6fbe0,Rodge
0x558f5ab9e540,7,0x558f5ab6fc00,Rodger
0x558f5ab9ec00,7,0x558f5ab6fc20,Rodney
0x558f5ab9f780,8,0x558f5ab6fc40,Rodolfo
0x558f5ab9fd80,8,0x558f5ab6fc60,Rodolph
0x558f5ab59a80,9,0x558f5ab6fcc0,Rodolphe
0x558f5ab58ce0,8,0x558f5ab6fce0,Rodrick
0x558f5ab58e60,8,0x558f5ab6fd00,Rodrigo
0x558f5ab59c40,9,0x558f5ab6fd20,Rodrique
0x558f5ab96d00,4,0x558f5ab6fd80,Rog
0x558f5ab9b3c0,6,0x558f5ab6fda0,Roger
0x558f5ab591a0,8,0x558f5ab6fdc0,Rogerio
0x558f5ab9f600,7,0x558f5ab6fde0,Rogers
0x558f5ab97cc0,4,0x558f5ab6fe00,Roi
0x558f5aba0100,7,0x558f5ab6fe20,Roland
0x558f5ab59e80,8,0x558f5ab6fe40,Rolando
0x558f5aba0380,7,0x558f5ab6fe60,Roldan
0x558f5ab9b640,6,0x558f5ab6fe80,Roley
0x558f5ab97e00,5,0x558f5ab6fea0,Rolf
0x558f5ab9c3c0,6,0x558f5ab6fec0,Rolfe
0x558f5ab5a080,8,0x558f5ab6fee0,Rolland
0x558f5aba04c0,7,0x558f5ab6ff00,Rollie
0x558f5aba0880,7,0x558f5ab6ff20,Rollin
0x558f5ab5a500,8,0x558f5ab6ff80,Rollins
0x558f5ab9ccc0,6,0x558f5ab6ffa0,Rollo
0x558f5ab9dd80,6,0x558f5ab6ffc0,Rolph
0x558f5ab99c00,5,0x558f5ab6ffe0,Roma
0x558f5ab59720,7,0x558f5ab70000,Romain
0x558f5ab9f000,6,0x558f5ab70020,Roman
0x558f5ab58a80,6,0x558f5ab70040,Romeo
0x558f5ab98100,4,0x558f5ab70060,Ron
0x558f5ab59d40,7,0x558f5ab70080,Ronald
0x558f5ab5a300,7,0x558f5ab700a0,Ronnie
0x558f5ab58b80,6,0x558f5ab700c0,Ronny
0x558f5ab5a3c0,7,0x558f5ab700e0,Rooney
0x558f5ab5a640,10,0x558f5ab70140,Roosevelt
0x558f5ab59400,6,0x558f5ab70160,Rorke
0x558f5ab9cc40,5,0x558f5ab70180,Rory
0x558f5ab5a940,6,0x558f5ab701e0,Rosco
0x558f5ab5a9c0,7,0x558f5ab70240,Roscoe
0x558f5ab9cf80,5,0x558f5ab70260,Ross
0x558f5ab5ab40,7,0x558f5ab702c0,Rossie
0x558f5ab5ac80,6,0x558f5ab70320,Rossy
0x558f5ab9d6c0,5,0x558f5ab70340,Roth
0x558f5ab5ae80,7,0x558f5ab70360,Rourke
0x558f5ab5af00,7,0x558f5ab703c0,Rouvin
0x558f5ab5b0e0,6,0x558f5ab70420,Rowan
0x558f5ab5b2c0,6,0x558f5ab70480,Rowen
0x558f5ab5b640,8,0x558f5ab704e0,Rowland
0x558f5ab5b3c0,7,0x558f5ab70500,Rowney
0x558f5ab9a680,4,0x558f5ab70520,Roy
0x558f5ab5b4c0,6,0x558f5ab70580,Royal
0x558f5ab5b5c0,7,0x558f5ab705a0,Royall
0x558f5ab5b540,6,0x558f5ab705c0,Royce
0x558f5ab5b980,9,0x558f5ab705e0,Rriocard
0x558f5ab9f180,5,0x558f5ab70600,Rube
0x558f5ab5bb80,6,0x558f5ab70660,Ruben
0x558f5ab5bf40,6,0x558f5ab706c0,Rubin
0x558f5ab9fc40,5,0x558f5ab706e0,Ruby
0x558f5ab5a700,5,0x558f5ab70700,Rudd
0x558f5ab5bfc0,7,0x558f5ab70720,Ruddie
0x558f5ab5c180,6,0x558f5ab70780,Ruddy
0x558f5ab5c280,6,0x558f5ab707e0,Rudie
0x558f5ab5c380,8,0x558f5ab70800,Rudiger
0x558f5ab5c300,7,0x558f5ab70820,Rudolf
0x558f5ab5c400,8,0x558f5ab70880,Rudolfo
0x558f5ab5c640,8,0x558f5ab708e0,Rudolph
0x558f5ab5c4c0,5,0x558f5ab70940,Rudy
0x558f5ab5c840,8,0x558f5ab709a0,Rudyard
0x558f5ab5c7c0,5,0x558f5ab70a00,Rufe
0x558f5ab5c940,6,0x558f5ab70a60,Rufus
0x558f5ab5cfc0,9,0x558f5ab70ac0,Ruggiero
0x558f5ab5c9c0,7,0x558f5ab70ae0,Rupert
0x558f5ab5cb80,8,0x558f5ab70b00,Ruperto
0x558f5ab5d340,9,0x558f5ab70b60,Ruprecht
0x558f5ab5cf40,6,0x558f5ab70bc0,Rurik
0x558f5ab5ca40,5,0x558f5ab70be0,Russ
0x558f5ab5d4c0,8,0x558f5ab70c40,Russell
0x558f5ab5d6c0,7,0x558f5ab70ca0,Rustie
0x558f5ab5d780,7,0x558f5ab70d00,Rustin
0x558f5ab5d840,6,0x558f5ab70d60,Rusty
0x558f5ab5da00,7,0x558f5ab70dc0,Rutger
0x558f5ab5ddc0,11,0x558f5ab70e20,Rutherford
0x558f5ab5dac0,9,0x558f5ab70e40,Rutledge
0x558f5ab5dd40,7,0x558f5ab70e60,Rutter
0x558f5ab5e040,8,0x558f5ab70ec0,Ruttger
0x558f5ab9ce00,4,0x558f5ab70ee0,Ruy
0x558f5ab5d940,5,0x558f5ab70f40,Ryan
0x558f5ab5dc40,6,0x558f5ab70f60,Ryley
0x558f5ab5e140,5,0x558f5ab70fc0,Ryon
0x558f5ab5e280,5,0x558f5ab71020,Ryun
0x558f5ab9ed80,4,0x558f5ab71040,Sal
0x558f5ab5e340,7,0x558f5ab71060,Saleem
0x558f5ab5e640,6,0x558f5ab71080,Salem
0x558f5ab5e6c0,6,0x558f5ab710e0,Salim
0x558f5ab5e780,7,0x558f5ab71140,Salmon
0x558f5ab5e800,7,0x558f5ab711a0,Salomo
0x558f5ab5f260,8,0x558f5ab711c0,Salomon
0x558f5ab5f5e0,9,0x558f5ab71220,Salomone
0x558f5ab60020,9,0x558f5ab71280,Salvador
0x558f5ab60460,10,0x558f5ab712e0,Salvatore
0x558f5ab60a20,9,0x558f5ab71340,Salvidor
0x558f5ab5eb20,4,0x558f5ab713a0,Sam
0x558f5ab5eca0,7,0x558f5ab713c0,Sammie
0x558f5ab5ed60,6,0x558f5ab71420,Sammy
0x558f5ab5fba0,8,0x558f5ab71440,Sampson
0x558f5ab5f060,7,0x558f5ab71460,Samson
0x558f5ab5f1e0,7,0x558f5ab71480,Samuel
0x558f5ab60be0,8,0x558f5ab714a0,Samuele
0x558f5ab5f860,7,0x558f5ab714c0,Sancho
0x558f5ab5fe60,7,0x558f5ab714e0,Sander
0x558f5ab67a20,8,0x558f5ab71540,Sanders
0x558f5ab67de0,10,0x558f5ab715a0,Sanderson
0x558f5ab5ffa0,7,0x558f5ab715c0,Sandor
0x558f5ab605a0,7,0x558f5ab715e0,Sandro
0x558f5ab5eee0,6,0x558f5ab71600,Sandy
0x558f5ab67ba0,8,0x558f5ab71620,Sanford
0x558f5ab607e0,7,0x558f5ab71640,Sanson
0x558f5ab67f60,8,0x558f5ab716a0,Sansone
0x558f5ab5efe0,6,0x558f5ab716c0,Sarge
0x558f5ab68020,8,0x558f5ab71720,Sargent
0x558f5ab67ce0,7,0x558f5ab71740,Sascha
0x558f5ab60360,6,0x558f5ab71760,Sasha
0x558f5ab5f3e0,5,0x558f5ab71780,Saul
0x558f5ab682e0,8,0x558f5ab717e0,Sauncho
0x558f5ab68420,8,0x558f5ab71800,Saunder
0x558f5ab68700,9,0x558f5ab71860,Saunders
0x558f5ab68b60,11,0x558f5ab718c0,Saunderson
0x558f5ab68a80,8,0x558f5ab718e0,Saundra
0x558f5ab68de0,8,0x558f5ab71940,Sauveur
0x558f5ab5ef60,4,0x558f5ab71960,Saw
0x558f5ab67d60,7,0x558f5ab71980,Sawyer
0x558f5ab68f20,8,0x558f5ab719e0,Sawyere
0x558f5ab5f560,4,0x558f5ab71a40,Sax
0x558f5ab601e0,5,0x558f5ab71a60,Saxe
0x558f5ab60b60,6,0x558f5ab71a80,Saxon
0x558f5ab5f7e0,4,0x558f5ab71aa0,Say
0x558f5ab684c0,6,0x558f5ab71b00,Sayer
0x558f5ab68540,7,0x558f5ab71b20,Sayers
0x558f5ab685e0,6,0x558f5ab71b40,Sayre
0x558f5ab689c0,7,0x558f5ab71b60,Sayres
0x558f5ab690a0,9,0x558f5ab71bc0,Scarface
0x558f5ab694e0,9,0x558f5ab71c20,Schuyler
0x558f5ab603e0,5,0x558f5ab71c40,Scot
0x558f5ab68940,6,0x558f5ab71c60,Scott
0x558f5ab68ce0,7,0x558f5ab71c80,Scotti
0x558f5ab695a0,8,0x558f5ab71ce0,Scottie
0x558f5ab69020,7,0x558f5ab71d00,Scotty
0x558f5ab691a0,7,0x558f5ab71d20,Seamus
0x558f5ab693a0,5,0x558f5ab71d80,Sean
0x558f5ab69840,10,0x558f5ab71de0,Sebastian
0x558f5ab699c0,11,0x558f5ab71e40,Sebastiano
0x558f5ab69cc0,10,0x558f5ab71ea0,Sebastien
0x558f5ab5fc20,4,0x558f5ab71ec0,See
0x558f5ab69720,6,0x558f5ab71ee0,Selby
0x558f5ab69b80,6,0x558f5ab71f40,Selig
0x558f5ab69c40,6,0x558f5ab71fa0,Serge
0x558f5ab69e00,9,0x558f5ab72000,Sergeant
0x558f5ab69ec0,7,0x558f5ab72060,Sergei
0x558f5ab6a3c0,8,0x558f5ab720c0,Sergent
0x558f5ab6a340,7,0x558f5ab720e0,Sergio
0x558f5ab69420,5,0x558f5ab72100,Seth
0x558f5ab6a500,7,0x558f5ab72160,Seumas
0x558f5ab6a580,7,0x558f5ab721c0,Seward
0x558f5ab6a680,8,0x558f5ab72220,Seymour
0x558f5ab6a780,7,0x558f5ab72280,Shadow
0x558f5ab697c0,5,0x558f5ab722a0,Shae
0x558f5ab6a9c0,7,0x558f5ab72300,Shaine
0x558f5ab6aa40,7,0x558f5ab72360,Shalom
0x558f5ab6ac00,7,0x558f5ab723c0,Shamus
0x558f5ab6ac80,7,0x558f5ab72420,Shanan
0x558f5ab69fa0,6,0x558f5ab72440,Shane
0x558f5ab6ad40,8,0x558f5ab724a0,Shannan
0x558f5ab6ae20,8,0x558f5ab72500,Shannon
0x558f5ab6b0c0,8,0x558f5ab72560,Shaughn
0x558f5ab6a020,6,0x558f5ab72580,Shaun
0x558f5ab69900,5,0x558f5ab725a0,Shaw
0x558f5ab6a0e0,6,0x558f5ab725c0,Shawn
0x558f5ab6a160,5,0x558f5ab725e0,Shay
0x558f5ab6b200,7,0x558f5ab72640,Shayne
0x558f5ab6a1e0,5,0x558f5ab72660,Shea
0x558f5ab6b020,6,0x558f5ab72680,Sheff
0x558f5ab6b380,8,0x558f5ab726e0,Sheffie
0x558f5ab6b760,10,0x558f5ab72740,Sheffield
0x558f5ab6b300,7,0x558f5ab72760,Sheffy
0x558f5ab6b580,7,0x558f5ab72780,Shelby
0x558f5ab6b8e0,8,0x558f5ab727e0,Shelden
0x558f5ab6b9e0,6,0x558f5ab72840,Shell
0x558f5ab6bb40,8,0x558f5ab728a0,Shelley
0x558f5ab6bd00,8,0x558f5ab72900,Shelton
0x558f5ab6a840,5,0x558f5ab72920,Shem
0x558f5ab6ab80,5,0x558f5ab72940,Shep
0x558f5ab6bec0,8,0x558f5ab729a0,Shepard
0x558f5ab6bfc0,9,0x558f5ab72a00,Shepherd
0x558f5ab6c100,9,0x558f5ab72a60,Sheppard
0x558f5ab6c260,9,0x558f5ab72ac0,Shepperd
0x558f5ab6c720,9,0x558f5ab72b20,Sheridan
0x558f5ab6c860,9,0x558f5ab72b80,Sherlock
0x558f5ab6cb20,10,0x558f5ab72be0,Sherlocke
0x558f5ab6bc80,6,0x558f5ab72c00,Sherm
0x558f5ab6c080,8,0x558f5ab72c20,Sherman
0x558f5ab6c920,8,0x558f5ab72c40,Shermie
0x558f5ab6be00,7,0x558f5ab72c60,Shermy
0x558f5ab6cde0,8,0x558f5ab72cc0,Sherwin
0x558f5ab6d100,9,0x558f5ab72d20,Sherwood
0x558f5ab6d300,9,0x558f5ab72d80,Sherwynd
0x558f5ab6c3e0,7,0x558f5ab72da0,Sholom
0x558f5ab6d5c0,9,0x558f5ab72e00,Shurlock
0x558f5ab6d6c0,10,0x558f5ab72e60,Shurlocke
0x558f5ab6d920,9,0x558f5ab72ec0,Shurwood
0x558f5aba4860,3,0x558f5ab72ee0,Si
0x558f5ab6cc20,6,0x558f5ab72f00,Sibyl
0x558f5ab6afa0,4,0x558f5ab72f60,Sid
0x558f5ab6d080,7,0x558f5ab72f80,Sidnee
0x558f5ab6d4c0,7,0x558f5ab72fa0,Sidney
0x558f5ab6daa0,10,0x558f5ab73000,Siegfried
0x558f5ab6da20,7,0x558f5ab73020,Siffre
0x558f5ab6c620,4,0x558f5ab73080,Sig
0x558f5ab6dba0,8,0x558f5ab730e0,Sigfrid
0x558f5ab6dd20,9,0x558f5ab73140,Sigfried
0x558f5ab6df60,10,0x558f5ab731a0,Sigismond
0x558f5ab6e0e0,11,0x558f5ab73200,Sigismondo
0x558f5ab6e220,10,0x558f5ab73260,Sigismund
0x558f5ab6e4e0,11,0x558f5ab732c0,Sigismundo
0x558f5ab6de60,8,0x558f5ab73320,Sigmund
0x558f5ab6e620,8,0x558f5ab73380,Sigvard
0x558f5ab6d820,6,0x558f5ab733a0,Silas
0x558f5ab6e860,8,0x558f5ab73400,Silvain
0x558f5ab6e320,7,0x558f5ab73420,Silvan
0x558f5ab6e960,8,0x558f5ab73440,Silvano
0x558f5ab6eae0,9,0x558f5ab734a0,Silvanus
0x558f5ab6ece0,10,0x558f5ab73500,Silvester
0x558f5ab6ea20,7,0x558f5ab73560,Silvio
0x558f5ab6d8a0,4,0x558f5ab735c0,Sim
0x558f5ab6ee20,7,0x558f5ab73620,Simeon
0x558f5ab6efa0,9,0x558f5ab73680,Simmonds
0x558f5ab6e7e0,6,0x558f5ab736a0,Simon
0x558f5ab6f1a0,7,0x558f5ab736c0,Simone
0x558f5ab6f220,9,0x558f5ab73720,Sinclair
0x558f5ab6f7a0,9,0x558f5ab73780,Sinclare
0x558f5ab6f320,7,0x558f5ab737e0,Siward
0x558f5ab6f3e0,6,0x558f5ab73840,Skell
0x558f5ab6f560,7,0x558f5ab738a0,Skelly
0x558f5ab6e3a0,5,0x558f5ab738c0,Skip
0x558f5ab6f6a0,6,0x558f5ab73920,Skipp
0x558f5ab6f720,8,0x558f5ab73940,Skipper
0x558f5ab6f960,8,0x558f5ab73960,Skippie
0x558f5ab6fa60,7,0x558f5ab739c0,Skippy
0x558f5ab73640,8,0x558f5ab73a20,Skipton
0x558f5ab6eda0,4,0x558f5ab73a80,Sky
0x558f5ab6f5e0,5,0x558f5ab73aa0,Skye
0x558f5ab739e0,7,0x558f5ab73ac0,Skylar
0x558f5ab735e0,7,0x558f5ab73b20,Skyler
0x558f5ab73740,6,0x558f5ab73b40,Slade
0x558f5ab73ae0,6,0x558f5ab73ba0,Sloan
0x558f5ab73b60,7,0x558f5ab73c00,Sloane
0x558f5ab6f860,4,0x558f5ab73c60,Sly
0x558f5ab734c0,6,0x558f5ab73cc0,Smith
0x558f5ab73460,7,0x558f5ab73d20,Smitty
0x558f5ab73980,4,0x558f5ab73d40,Sol
0x558f5ab73ce0,7,0x558f5ab73da0,Sollie
0x558f5ab73d60,6,0x558f5ab73dc0,Solly
0x558f5ab73340,8,0x558f5ab73e20,Solomon
0x558f5ab73de0,9,0x558f5ab73e80,Somerset
0x558f5ab736e0,4,0x558f5ab73ea0,Son
0x558f5ab73e40,7,0x558f5ab73ec0,Sonnie
0x558f5ab733c0,6,0x558f5ab73ee0,Sonny
0x558f5ab73280,7,0x558f5ab73f40,Spence
0x558f5ab73f00,8,0x558f5ab73f60,Spencer
0x558f5ab73100,7,0x558f5ab73fc0,Spense
0x558f5ab730a0,8,0x558f5ab74020,Spenser
0x558f5ab73220,6,0x558f5ab74040,Spike
0x558f5ab73fe0,7,0x558f5ab740a0,Stacee
0x558f5ab72fc0,6,0x558f5ab74100,Stacy
0x558f5ab72e20,9,0x558f5ab74160,Staffard
0x558f5ab72dc0,9,0x558f5ab741c0,Stafford
0x558f5ab72d40,8,0x558f5ab74220,Staford
0x558f5ab73160,5,0x558f5ab74240,Stan
0x558f5ab72ce0,10,0x558f5ab742a0,Standford
0x558f5ab74260,10,0x558f5ab74300,Stanfield
0x558f5ab742c0,9,0x558f5ab74360,Stanford
0x558f5ab74320,10,0x558f5ab743c0,Stanislas
0x558f5ab72c80,11,0x558f5ab74420,Stanislaus
0x558f5ab743e0,10,0x558f5ab74480,Stanislaw
0x558f5ab74440,10,0x558f5ab744e0,Stanleigh
0x558f5ab744a0,8,0x558f5ab74540,Stanley
0x558f5ab72e80,7,0x558f5ab74560,Stanly
0x558f5ab72ba0,8,0x558f5ab745c0,Stanton
0x558f5ab72ae0,9,0x558f5ab74620,Stanwood
0x558f5ab72a20,7,0x558f5ab74680,Stavro
0x558f5ab72960,8,0x558f5ab746a0,Stavros
0x558f5ab728c0,7,0x558f5ab74700,Stearn
0x558f5ab72860,8,0x558f5ab74760,Stearne
0x558f5ab74720,7,0x558f5ab747c0,Stefan
0x558f5ab72800,8,0x558f5ab74820,Stefano
0x558f5ab72700,8,0x558f5ab74880,Steffen
0x558f5ab74840,8,0x558f5ab748e0,Stephan
0x558f5ab724c0,10,0x558f5ab74940,Stephanus
0x558f5ab723e0,8,0x558f5ab749a0,Stephen
0x558f5ab72320,9,0x558f5ab74a00,Sterling
0x558f5ab74500,6,0x558f5ab74a20,Stern
0x558f5ab72600,7,0x558f5ab74a40,Sterne
0x558f5ab749c0,6,0x558f5ab74aa0,Steve
0x558f5ab72240,7,0x558f5ab74b00,Steven
0x558f5ab72080,7,0x558f5ab74b60,Stevie
0x558f5ab74b20,6,0x558f5ab74bc0,Stevy
0x558f5ab71e60,8,0x558f5ab74c20,Steward
0x558f5ab74be0,8,0x558f5ab74c80,Stewart
0x558f5ab71e00,9,0x558f5ab74ce0,Stillman
0x558f5ab71ca0,10,0x558f5ab74d40,Stillmann
0x558f5ab72020,7,0x558f5ab74d60,Stinky
0x558f5ab74d00,9,0x558f5ab74dc0,Stirling
0x558f5ab731c0,4,0x558f5ab74de0,Stu
0x558f5ab719a0,7,0x558f5ab74e40,Stuart
0x558f5ab71900,9,0x558f5ab74ea0,Sullivan
0x558f5ab74e60,6,0x558f5ab74ec0,Sully
0x558f5ab71880,7,0x558f5ab74f20,Sumner
0x558f5ab74ee0,6,0x558f5ab74f80,Sunny
0x558f5ab716e0,10,0x558f5ab74fe0,Sutherlan
0x558f5ab74fa0,11,0x558f5ab75040,Sutherland
0x558f5ab74f40,7,0x558f5ab75060,Sutton
0x558f5ab73f80,5,0x558f5ab75080,Sven
0x558f5ab717a0,6,0x558f5ab750e0,Svend
0x558f5ab740c0,5,0x558f5ab75100,Swen
0x558f5ab74180,4,0x558f5ab75120,Syd
0x558f5ab75000,7,0x558f5ab75180,Sydney
0x558f5ab75140,6,0x558f5ab751e0,Sylas
0x558f5ab71560,7,0x558f5ab75240,Sylvan
0x558f5ab75200,10,0x558f5ab752a0,Sylvester
0x558f5ab75260,6,0x558f5ab75300,Syman
0x558f5ab71300,6,0x558f5ab75360,Symon
0x558f5ab72b40,4,0x558f5ab75380,Tab
0x558f5ab72a80,5,0x558f5ab753a0,Tabb
0x558f5ab75320,7,0x558f5ab75400,Tabbie
0x558f5ab712a0,6,0x558f5ab75460,Tabby
0x558f5ab75420,6,0x558f5ab754c0,Taber
0x558f5ab71240,6,0x558f5ab75520,Tabor
0x558f5ab74780,4,0x558f5ab75580,Tad
0x558f5ab726a0,5,0x558f5ab755a0,Tadd
0x558f5ab754e0,7,0x558f5ab75600,Taddeo
0x558f5ab70fe0,9,0x558f5ab75660,Taddeusz
0x558f5ab70e80,7,0x558f5ab756c0,Tadeas
0x558f5ab75680,6,0x558f5ab75720,Tadeo
0x558f5ab70d80,6,0x558f5ab75780,Tades
0x558f5ab70c00,6,0x558f5ab757a0,Tadio
0x558f5ab70620,7,0x558f5ab75800,Tailor
0x558f5ab74ac0,5,0x558f5ab75820,Tait
0x558f5ab70b20,6,0x558f5ab75840,Taite
0x558f5ab704a0,8,0x558f5ab758a0,Talbert
0x558f5ab75860,7,0x558f5ab75900,Talbot
0x558f5ab758c0,7,0x558f5ab75960,Tallie
0x558f5ab70740,6,0x558f5ab75980,Tally
0x558f5ab72460,4,0x558f5ab759a0,Tam
0x558f5ab75920,6,0x558f5ab75a00,Tamas
0x558f5ab759c0,7,0x558f5ab75a60,Tammie
0x558f5ab6fc80,6,0x558f5ab75ac0,Tammy
0x558f5ab721e0,4,0x558f5ab75b20,Tan
0x558f5ab9bf20,6,0x558f5ab930e0,Dilly
0x558f5ab939e0,3
0x558f5ab93880,8,0x558f5ab932e0,Durante
0x558f5ab9da60,5,0x558f5ab934a0,Jone
0x558f5ab9d560,1
0x558f5ab98aa0,5,0x558f5ab93760,Dore
0x558f5ab59640,10,0x558f5ab939a0,Rochester
0x558f5ab54970,5,0x558f5ab93aa0,Rhys
0x558f5ab96880,7,0x558f5ab93ca0,Kalvin
0x558f5ab546b0,8,0x558f5ab93d60,Dimitri
0x558f5ab93600,8,0x558f5ab93ee0,Dunstan
0x558f5ab55a70,7,0x558f5ab94020,Johnny
0x558f5ab940c0,9,0x558f5ab94160,Eberhard
0x558f5ab55d70,5,0x558f5ab941a0,Drew
0x558f5ab6aba0,1
0x558f5ab99e60,1
0x558f5ab94b60,1
0x558f5ab950a0,7,0x558f5ab94560,Dougie
0x558f5ab937c0,5,0x558f5ab945e0,Jory
0x558f5aba08e0,7,0x558f5ab94760,Donalt
0x558f5ab5cae0,1
0x558f5ab93d40,7,0x558f5ab94da0,Earlie
0x558f5ab5a5e0,7,0x558f5ab94de0,Julius
0x558f5ab98d20,5,0x558f5ab94e60,Duff
0x558f5ab934c0,6,0x558f5ab94f60,Dwain
0x558f5ab9ad20,5,0x558f5ab95020,Dory
0x558f5ab962e0,6,0x558f5ab95060,Jorge
0x558f5ab938a0,7,0x558f5ab95320,Dugald
0x558f5ab560b0,6,0x558f5ab95360,Duane
0x558f5ab9da00,8,0x558f5ab953a0,Ritchie
0x558f5ab9a460,2
0x558f5ab9e4a0,2
0x558f5ab9a160,3,0x558f5ab956a0,Ed
0x558f5ab5e8c0,5,0x558f5ab95760,Kain
0x558f5ab54c70,7,0x558f5ab95860,Dmitri
0x558f5ab9e920,4,0x558f5ab959a0,Dov
0x558f5ab96a60,3
0x558f5ab6c1a0,4,0x558f5ab95b20,Rip
0x558f5ab54950,3
0x558f5ab55af0,6,0x558f5ab95e20,Jonas
0x558f5ab548b0,4,0x558f5ab95f60,Rey
0x558f5ab99060,2
0x558f5ab550f0,5,0x558f5ab960a0,Jody
0x558f5ab55470,6,0x558f5ab961e0,Johny
0x558f5ab93580,7,0x558f5ab96260,Durand
0x558f5ab543f0,9,0x558f5ab96320,Dietrich
0x558f5ab9aa00,7,0x558f5ab96520,Rockey
0x558f5ab55a30,4,0x558f5ab96560,Doy
0x558f5ab94280,7,0x558f5ab965a0,Reuben
0x558f5ab55710,5,0x558f5ab965e0,Dunc
0x558f5ab9bc60,4,0x558f5ab966a0,Eal
0x558f5ab9c300,10,0x558f5ab96720,Richmound
0x558f5ab544d0,9,0x558f5ab96860,Dominick
0x558f5ab936c0,7,0x558f5ab968a0,Jorgan
0x558f5ab96100,7,0x558f5ab968e0,Kahlil
0x558f5ab95400,7,0x558f5ab96920,Reuven
0x558f5ab9b120,7,0x558f5ab96be0,Duncan
0x558f5ab99da0,2
0x558f5ab93800,7,0x558f5ab96d60,Durant
0x558f5ab99d60,2
0x558f5ab951c0,6,0x558f5ab97120,Jules
0x558f5ab54870,5,0x558f5ab97320,Jodi
0x558f5ab547f0,5,0x558f5ab97460,Dion
0x558f5ab6bc20,1
0x558f5ab9eee0,9,0x558f5ab979a0,Ebenezer
0x558f5ab9f3a0,2
0x558f5ab96440,7,0x558f5ab97b20,Rickie
0x558f5ab972a0,6,0x558f5ab97c20,Dilan
0x558f5ab5dfe0,8,0x558f5ab97d20,Joachim
0x558f5ab95a00,7,0x558f5ab97e20,Richie
0x558f5ab99f60,4,0x558f5ab97f20,Edd
0x558f5ab551f0,8,0x558f5ab97fe0,Dominic
0x558f5ab55f30,6,0x558f5ab98060,Drugi
0x558f5ab932c0,6,0x558f5ab983a0,Dukie
0x558f5ab9c580,8,0x558f5ab984a0,Rinaldo
0x558f5ab9d5e0,4,0x558f5ab984e0,Dom
0x558f5ab556f0,8,0x558f5ab985e0,Donavon
0x558f5ab93fe0,3
0x558f5ab54f70,9,0x558f5ab98860,Domenico
0x558f5ab5a3e0,5,0x558f5ab988a0,Rodd
0x558f5ab9be00,9,0x558f5ab989e0,Richardo
0x558f5ab94000,6,0x558f5ab98a20,Judah
0x558f5ab9dc60,2
0x558f5ab939c0,5,0x558f5ab98f20,Jose
0x558f5ab555b0,7,0x558f5ab992a0,Donall
0x558f5ab94fc0,5,0x558f5ab992e0,Kane
0x558f5ab95240,6,0x558f5ab99420,Julie
0x558f5ab547b0,6,0x558f5ab99460,Jocko
0x558f5ab552b0,5,0x558f5ab994a0,Joel
0x558f5ab93940,7,0x558f5ab99560,Dwayne
0x558f5ab9ecc0,8,0x558f5ab995e0,Roberto
0x558f5ab9a420,6,0x558f5ab997a0,Drake
0x558f5ab5d620,6,0x558f5ab998e0,Kaine
0x558f5ab93a00,7,0x558f5ab99ae0,Dwight
0x558f5ab6f7c0,2
0x558f5ab69c60,1
0x558f5ab9ca60,8,0x558f5ab99ce0,Dominik
0x558f5ab54b50,3,0x558f5ab99ee0,Eb
0x558f5ab54350,7,0x558f5ab9a120,Justus
0x558f5ab993e0,8,0x558f5ab9a3a0,Donaugh
0x558f5ab99b60,4,0x558f5ab9a8a0,Dud
0x558f5ab54c50,3
0x558f5ab5ec80,1
0x558f5ab9b920,9,0x558f5ab9ab60,Douglass
0x558f5ab55830,8,0x558f5ab9ace0,Donovan
0x558f5ab93e80,5,0x558f5ab9ae20,Eben
0x558f5ab9cf20,1
0x558f5ab9bbe0,3
0x558f5ab5df20,2
0x558f5ab946c0,5,0x558f5ab9b220,Jude
0x558f5ab94ee0,7,0x558f5ab9b260,Eberto
0x558f5ab93740,5,0x558f5ab9b2e0,Earl
0x558f5ab9ca20,3
0x558f5ab94680,6,0x558f5ab9b660,Richy
0x558f5ab55e90,5,0x558f5ab9b760,Duky
0x558f5ab55030,6,0x558f5ab9ba20,Jodie
0x558f5ab94fe0,4,0x558f5ab9bae0,Jud
0x558f5ab96e00,5,0x558f5ab9bca0,Karl
0x558f5ab54db0,8,0x558f5ab9be60,Domenic
0x558f5ab95fc0,8,0x558f5ab9bea0,Justino
0x558f5ab95e80,8,0x558f5ab9bee0,Reynard
0x558f5ab9afe0,4,0x558f5ab9bfe0,Dun
0x558f5ab9d1e0,5,0x558f5ab9c060,Dill
0x558f5ab97b00,9,0x558f5ab9c220,Reynolds
0x558f5ab958a0,2
0x558f5ab98be0,4,0x558f5ab9c4a0,Don
0x558f5ab54270,5,0x558f5ab9c7e0,Jeth
0x558f5ab541f0,6,0x558f5ab9c9e0,Diego
0x558f5ab9a020,1
0x558f5ab5ade0,1
0x558f5ab5ef80,2
0x558f5ab54530,5,0x558f5ab9ce60,Dino
0x558f5ab554b0,10,0x558f5ab9cea0,Dominique
0x558f5ab54f30,8,0x558f5ab9cee0,Joaquin
0x558f5ab94860,5,0x558f5ab9d060,Duke
0x558f5ab60000,3
0x558f5ab9a9a0,5,0x558f5ab9d1a0,Donn
0x558f5ab99020,5,0x558f5ab9d2a0,Eddy
0x558f5ab930c0,7,0x558f5ab9d2e0,Duffie
0x558f5ab55130,6,0x558f5ab9d320,Donny
0x558f5ab55250,6,0x558f5ab9d6a0,Dorie
0x558f5ab98dc0,6,0x558f5ab9d6e0,Robby
0x558f5ab93c40,6,0x558f5ab9d8a0,Earle
0x558f5ab9c9a0,6,0x558f5ab9db20,Jesus
0x558f5ab542b0,7,0x558f5ab9db60,Dieter
0x558f5ab9d660,7,0x558f5ab9dbe0,Earvin
0x558f5ab98b60,5,0x558f5ab9dc20,Doug
0x558f5ab93be0,1
0x558f5ab9fa60,1
0x558f5ab54a30,6,0x558f5ab9df20,Donal
0x558f5ab95500,9,0x558f5ab9dfa0,Jourdain
0x558f5ab9aaa0,5,0x558f5ab9e2a0,Dunn
0x558f5ab9b0e0,6,0x558f5ab9e520,Dorey
0x558f5ab55ab0,4,0x558f5ab9e7a0,Dru
0x558f5ab97a60,6,0x558f5ab9e8e0,Dolph
0x558f5ab55c30,6,0x558f5ab9e9a0,Doyle
0x558f5ab96780,7,0x558f5ab9e9e0,Kaiser
0x558f5ab95cc0,7,0x558f5ab9eae0,Justin
0x558f5ab60b80,1
0x558f5ab55c50,7,0x558f5ab9ee60,Dorian
0x558f5ab96660,2
0x558f5ab95b80,6,0x558f5ab9ef60,Kalil
0x558f5ab98360,3
0x558f5ab99b80,8,0x558f5ab9f020,Rickard
0x558f5ab9f720,2
0x558f5ab55890,5,0x558f5ab9f2e0,Dirk
0x558f5ab9d400,8,0x558f5ab9f360,Riobard
0x558f5ab94380,5,0x558f5ab9f7a0,Rick
0x558f5ab9e5a0,6,0x558f5ab9f8a0,Jozef
0x558f5ab9fca0,6,0x558f5ab9faa0,Early
0x558f5ab94f20,7,0x558f5ab9fb20,Donnie
0x558f5ab93240,9,0x558f5ab9fb60,Jonathon
0x558f5ab9cd60,8,0x558f5ab9fbe0,Donnell
0x558f5ab9dfe0,5,0x558f5ab9fd20,Dolf
0x558f5ab548f0,9,0x558f5ab9fea0,Dionisio
0x558f5ab9f220,4,0x558f5aba00e0,Dur
0x558f5ab98480,6,0x558f5aba0120,Ringo
0x558f5ab978a0,8,0x558f5aba01a0,Durward
0x558f5ab961a0,5,0x558f5aba0420,Edan
0x558f5ab93b40,8,0x558f5aba07e0,Eadmund
0x558f5ab93a20,6,0x558f5aba0820,Dylan
0x558f5ab54330,4,0x558f5aba0860,Jim
0x558f5aba0760,6,0x558f5aba0a40,Duffy
0x558f5ab94040,6,0x558f5aba0aa0,Edgar
0x558f5ab94240,7,0x558f5aba0ac0,Edgard
0x558f5ab943c0,8,0x558f5aba0b20,Edgardo
0x558f5aba0ae0,5,0x558f5aba0b80,Edik
0x558f5aba0b40,6,0x558f5aba0be0,Edlin
0x558f5aba0ba0,6,0x558f5aba0c40,Edmon
0x558f5aba0c00,7,0x558f5aba0ca0,Edmund
0x558f5aba0c60,8,0x558f5aba0d00,Edouard
0x558f5ab94340,6,0x558f5aba0d60,Edsel
0x558f5ab94540,7,0x558f5aba0dc0,Eduard
0x558f5ab94600,8,0x558f5aba0e20,Eduardo
0x558f5ab94700,7,0x558f5aba0e80,Eduino
0x558f5aba0e40,7,0x558f5aba0ee0,Edvard
0x558f5ab94800,7,0x558f5aba0f40,Edward
0x558f5aba0d80,6,0x558f5aba0f60,Edwin
0x558f5ab94980,6,0x558f5aba0fc0,Efrem
0x558f5ab94b00,6,0x558f5aba1020,Efren
0x558f5aba0f00,5,0x558f5aba1040,Egan
0x558f5aba0fe0,7,0x558f5aba10a0,Egbert
0x558f5aba1060,5,0x558f5aba1100,Egon
0x558f5ab94a00,5,0x558f5aba1120,Egor
0x558f5aba0f80,3,0x558f5aba1180,El
0x558f5ab94d00,7,0x558f5aba11a0,Elbert
0x558f5ab94d80,6,0x558f5aba1200,Elden
0x558f5ab94e00,6,0x558f5aba1260,Eldin
0x558f5aba1220,6,0x558f5aba12c0,Eldon
0x558f5ab94ec0,9,0x558f5aba1320,Eldredge
0x558f5aba12e0,9,0x558f5aba1380,Eldridge
0x558f5aba10c0,4,0x558f5aba13a0,Eli
0x558f5aba1340,5,0x558f5aba1400,Elia
0x558f5ab95080,6,0x558f5aba1460,Elias
0x558f5aba1420,6,0x558f5aba14c0,Elihu
0x558f5aba1480,7,0x558f5aba14e0,Elijah
0x558f5ab95280,6,0x558f5aba1540,Eliot
0x558f5ab95300,7,0x558f5aba15a0,Elisha
0x558f5ab953c0,7,0x558f5aba15c0,Ellary
0x558f5ab95440,8,0x558f5aba1620,Ellerey
0x558f5aba15e0,7,0x558f5aba1680,Ellery
0x558f5aba1640,7,0x558f5aba16a0,Elliot
0x558f5ab955c0,8,0x558f5aba1700,Elliott
0x558f5aba16c0,6,0x558f5aba1760,Ellis
0x558f5aba1720,10,0x558f5aba17c0,Ellswerth
0x558f5ab95800,10,0x558f5aba1820,Ellsworth
0x558f5ab95b40,8,0x558f5aba1840,Ellwood
0x558f5aba17e0,6,0x558f5aba1860,Elmer
0x558f5aba1560,5,0x558f5aba1880,Elmo
0x558f5ab95bc0,7,0x558f5aba18e0,Elmore
0x558f5aba18a0,6,0x558f5aba1940,Elnar
0x558f5aba1900,6,0x558f5aba19a0,Elroy
0x558f5aba1960,7,0x558f5aba1a00,Elston
0x558f5ab95e40,9,0x558f5aba1a20,Elsworth
0x558f5ab958c0,6,0x558f5aba1a40,Elton
0x558f5ab95dc0,6,0x558f5aba1a60,Elvin
0x558f5ab95f00,6,0x558f5aba1a80,Elvis
0x558f5ab95f80,6,0x558f5aba1ae0,Elvyn
0x558f5ab960c0,6,0x558f5aba1b40,Elwin
0x558f5ab96240,7,0x558f5aba1ba0,Elwood
0x558f5aba1b60,6,0x558f5aba1c00,Elwyn
0x558f5ab942c0,4,0x558f5aba1c20,Ely
0x558f5aba1280,3,0x558f5aba1c40,Em
0x558f5ab96300,8,0x558f5aba1ca0,Emanuel
0x558f5aba1c60,9,0x558f5aba1d00,Emanuele
0x558f5ab96480,7,0x558f5aba1d60,Emelen
0x558f5ab96540,8,0x558f5aba1dc0,Emerson
0x558f5aba1d20,6,0x558f5aba1e20,Emery
0x558f5ab96180,6,0x558f5aba1e40,Emile
0x558f5ab965c0,7,0x558f5aba1ea0,Emilio
0x558f5aba1e60,6,0x558f5aba1f00,Emlen
0x558f5aba1ec0,6,0x558f5aba1f60,Emlyn
0x558f5aba1f20,9,0x558f5aba1fc0,Emmanuel
0x558f5ab96800,9,0x558f5aba2020,Emmerich
0x558f5aba1f80,7,0x558f5aba2080,Emmery
0x558f5ab96740,6,0x558f5aba20e0,Emmet
0x558f5ab969c0,7,0x558f5aba2140,Emmett
0x558f5aba2100,6,0x558f5aba21a0,Emmit
0x558f5aba2160,7,0x558f5aba21c0,Emmott
0x558f5ab94a80,5,0x558f5aba21e0,Emmy
0x558f5ab96b00,6,0x558f5aba2240,Emory
0x558f5aba2200,10,0x558f5aba22a0,Engelbert
0x558f5ab96d40,10,0x558f5aba2300,Englebert
0x558f5aba2260,6,0x558f5aba2320,Ennis
0x558f5ab96c40,6,0x558f5aba2380,Enoch
0x558f5ab95980,5,0x558f5aba23a0,Enos
0x558f5ab96cc0,7,0x558f5aba23c0,Enrico
0x558f5ab96f40,8,0x558f5aba2420,Enrique
0x558f5ab96fc0,8,0x558f5aba2480,Ephraim
0x558f5aba2440,9,0x558f5aba24e0,Ephrayim
0x558f5ab970c0,7,0x558f5aba2540,Ephrem
0x558f5ab97140,8,0x558f5aba25a0,Erasmus
0x558f5aba2560,8,0x558f5aba2600,Erastus
0x558f5aba25c0,5,0x558f5aba2660,Erek
0x558f5aba2620,7,0x558f5aba26c0,Erhard
0x558f5aba2680,7,0x558f5aba26e0,Erhart
0x558f5ab95a80,5,0x558f5aba2700,Eric
0x558f5ab97280,6,0x558f5aba2760,Erich
0x558f5ab97340,6,0x558f5aba27c0,Erick
0x558f5ab97440,5,0x558f5aba2820,Erie
0x558f5aba27e0,5,0x558f5aba2880,Erik
0x558f5aba2840,5,0x558f5aba28e0,Erin
0x558f5aba1cc0,4,0x558f5aba2900,Erl
0x558f5aba28a0,8,0x558f5aba2960,Ermanno
0x558f5ab975c0,6,0x558f5aba29c0,Ermin
0x558f5ab976c0,7,0x558f5aba29e0,Ernest
0x558f5ab97740,8,0x558f5aba2a40,Ernesto
0x558f5aba2a00,9,0x558f5aba2aa0,Ernestus
0x558f5aba2a60,6,0x558f5aba2b00,Ernie
0x558f5ab97880,6,0x558f5aba2b60,Ernst
0x558f5aba2920,5,0x558f5aba2b80,Erny
0x558f5aba2b20,7,0x558f5aba2be0,Errick
0x558f5aba2ba0,6,0x558f5aba2c40,Errol
0x558f5aba2c00,7,0x558f5aba2ca0,Erroll
0x558f5aba2c60,8,0x558f5aba2d00,Erskine
0x558f5aba1d80,4,0x558f5aba2d20,Erv
0x558f5aba2cc0,6,0x558f5aba2d80,ErvIn
0x558f5ab97a40,6,0x558f5aba2de0,Erwin
0x558f5ab97ac0,7,0x558f5aba2e40,Esdras
0x558f5ab97bc0,5,0x558f5aba2ea0,Esme
0x558f5aba2e60,5,0x558f5aba2f00,Esra
0x558f5aba2ec0,8,0x558f5aba2f60,Esteban
0x558f5ab97f80,8,0x558f5aba2fc0,Estevan
0x558f5aba2f80,5,0x558f5aba3020,Etan
0x558f5aba2fe0,6,0x558f5aba3080,Ethan
0x558f5aba3040,5,0x558f5aba30e0,Ethe
0x558f5ab98300,10,0x558f5aba3140,Ethelbert
0x558f5aba3100,9,0x558f5aba31a0,Ethelred
0x558f5aba3160,8,0x558f5aba3200,Etienne
0x558f5aba31c0,7,0x558f5aba3260,Ettore
0x558f5aba3220,6,0x558f5aba3280,Euell
0x558f5ab97e40,6,0x558f5aba32a0,Eugen
0x558f5ab985c0,7,0x558f5aba3300,Eugene
0x558f5aba32c0,8,0x558f5aba3360,Eugenio
0x558f5aba3320,9,0x558f5aba33c0,Eugenius
0x558f5ab98700,8,0x558f5aba3420,Eustace
0x558f5aba1780,3,0x558f5aba3440,Ev
0x558f5aba33e0,5,0x558f5aba34a0,Evan
0x558f5ab98800,7,0x558f5aba3500,Evelin
0x558f5ab98940,7,0x558f5aba3560,Evelyn
0x558f5aba3460,5,0x558f5aba35c0,Even
0x558f5ab98a80,8,0x558f5aba3620,Everard
0x558f5aba35e0,7,0x558f5aba3640,Evered
0x558f5ab98b40,8,0x558f5aba36a0,Everett
0x558f5aba34c0,5,0x558f5aba3700,Evin
0x558f5aba3520,5,0x558f5aba3760,Evyn
0x558f5aba3660,5,0x558f5aba37c0,Ewan
0x558f5ab97f00,6,0x558f5aba37e0,Eward
0x558f5ab98200,6,0x558f5aba3800,Ewart
0x558f5ab98540,6,0x558f5aba3820,Ewell
0x558f5ab97dc0,5,0x558f5aba3840,Ewen
0x558f5ab98c80,9,0x558f5aba38a0,Ezechiel
0x558f5aba3860,8,0x558f5aba3900,Ezekiel
0x558f5aba38c0,9,0x558f5aba3960,Ezequiel
0x558f5ab98e80,11,0x558f5aba39c0,Eziechiele
0x558f5aba3920,5,0x558f5aba39e0,Ezra
0x558f5aba3980,5,0x558f5aba3a00,Ezri
0x558f5ab98280,5,0x558f5aba3a20,Fabe
0x558f5ab98f40,6,0x558f5aba3a80,Faber
0x558f5ab99000,7,0x558f5aba3ae0,Fabian
0x558f5aba3aa0,8,0x558f5aba3b40,Fabiano
0x558f5aba3b00,7,0x558f5aba3ba0,Fabien
0x558f5ab99140,6,0x558f5aba3c00,Fabio
0x558f5aba3bc0,5,0x558f5aba3c60,Fair
0x558f5ab99380,8,0x558f5aba3cc0,Fairfax
0x558f5ab99540,10,0x558f5aba3d20,Fairleigh
0x558f5ab99600,8,0x558f5aba3d80,Fairlie
0x558f5aba3c80,7,0x558f5aba3da0,Falito
0x558f5aba3d40,8,0x558f5aba3e00,Falkner
0x558f5aba1fe0,4,0x558f5aba3e20,Far
0x558f5ab994c0,7,0x558f5aba3e40,Farlay
0x558f5ab99740,7,0x558f5aba3ea0,Farlee
0x558f5ab99800,9,0x558f5aba3f00,Farleigh
0x558f5aba3ec0,7,0x558f5aba3f60,Farley
0x558f5aba3f20,7,0x558f5aba3fc0,Farlie
0x558f5aba3e60,6,0x558f5aba3fe0,Farly
0x558f5aba3c20,5,0x558f5aba4000,Farr
0x558f5ab99980,7,0x558f5aba4020,Farrel
0x558f5ab99a80,8,0x558f5aba4080,Farrell
0x558f5ab99b40,7,0x558f5aba40a0,Farris
0x558f5ab99c80,9,0x558f5aba4100,Faulkner
0x558f5aba22c0,4,0x558f5aba4120,Fax
0x558f5aba40c0,9,0x558f5aba4140,Federico
0x558f5aba2f20,4,0x558f5aba4160,Fee
0x558f5ab99280,6,0x558f5aba4180,Felic
0x558f5ab99e40,7,0x558f5aba41e0,Felice
0x558f5aba41a0,8,0x558f5aba4240,Felicio
0x558f5aba4200,7,0x558f5aba42a0,Felike
0x558f5aba4260,7,0x558f5aba4300,Feliks
0x558f5aba42c0,7,0x558f5aba4360,Felipe
0x558f5aba4320,6,0x558f5aba4380,Felix
0x558f5ab9a040,8,0x558f5aba43e0,Felizio
0x558f5aba43a0,7,0x558f5aba4440,Feodor
0x558f5aba3f80,5,0x558f5aba4460,Ferd
0x558f5ab9a140,7,0x558f5aba44c0,Ferdie
0x558f5ab9a380,10,0x558f5aba4520,Ferdinand
0x558f5aba4400,6,0x558f5aba4540,Ferdy
0x558f5aba4480,7,0x558f5aba4560,Fergus
0x558f5aba44e0,9,0x558f5aba45c0,Ferguson
0x558f5ab9a500,9,0x558f5aba4620,Fernando
0x558f5aba45e0,7,0x558f5aba4680,Ferrel
0x558f5ab9a600,8,0x558f5aba46e0,Ferrell
0x558f5ab9a6c0,7,0x558f5aba4740,Ferris
0x558f5aba4580,6,0x558f5aba4760,Fidel
0x558f5ab9a940,8,0x558f5aba47c0,Fidelio
0x558f5aba4780,7,0x558f5aba4820,Fidole
0x558f5aba47e0,6,0x558f5aba4840,Field
0x558f5ab9acc0,9,0x558f5aba48a0,Fielding
0x558f5ab9aa80,7,0x558f5aba4900,Fields
0x558f5ab9ad80,8,0x558f5aba4960,Filbert
0x558f5aba4920,9,0x558f5aba4980,Filberte
0x558f5ab9ae80,9,0x558f5aba49e0,Filberto
0x558f5ab99a00,6,0x558f5aba4a00,Filip
0x558f5ab9af80,8,0x558f5aba4a60,Filippo
0x558f5ab9ac00,7,0x558f5aba4a80,Filmer
0x558f5ab9b0c0,8,0x558f5aba4ae0,Filmore
0x558f5aba3ce0,4,0x558f5aba4b00,Fin
0x558f5aba4aa0,8,0x558f5aba4b60,Findlay
0x558f5ab9b240,8,0x558f5aba4bc0,Findley
0x558f5aba4b80,7,0x558f5aba4c20,Finlay
0x558f5ab9b400,7,0x558f5aba4c80,Finley
0x558f5ab984c0,5,0x558f5aba4ca0,Finn
0x558f5ab988c0,5,0x558f5aba4cc0,Fitz
0x558f5ab9b840,11,0x558f5aba4d20,Fitzgerald
0x558f5aba4ce0,5,0x558f5aba4d80,Flem
0x558f5ab9b5c0,8,0x558f5aba4da0,Fleming
0x558f5ab9bb80,9,0x558f5aba4e00,Flemming
0x558f5ab9b680,7,0x558f5aba4e60,Fletch
0x558f5ab9bdc0,9,0x558f5aba4ec0,Fletcher
0x558f5aba4dc0,5,0x558f5aba4f20,Flin
0x558f5ab9a200,6,0x558f5aba4f40,Flinn
0x558f5ab9a280,6,0x558f5aba4f60,Flint
0x558f5ab9b740,8,0x558f5aba4f80,Florian
0x558f5ab9a300,6,0x558f5aba4fa0,Flory
0x558f5ab9a740,6,0x558f5aba4fc0,Floyd
0x558f5ab54770,3
0x558f5ab54ff0,3
0x558f5ab73c20,1
0x558f5ab73a40,1
0x558f5ab738e0,1
0x558f5ab73860,1
0x558f5ab73800,2
0x558f5ab737a0,1
0x558f5ab73bc0,3
0x558f5ab73580,1
0x558f5ab73520,1
0x558f5ab73c80,3
0x558f5ab732e0,1
0x558f5ab74060,2
0x558f5ab73040,1
0x558f5ab72f20,1
0x558f5ab74120,3
0x558f5ab741e0,1
0x558f5ab74380,1
0x558f5ab74580,3
0x558f5ab745e0,2
0x558f5ab74640,2
0x558f5ab729c0,3
0x558f5ab746c0,2
0x558f5ab75540,1
0x558f5ab747e0,3
0x558f5ab727a0,2
0x558f5ab748a0,3
0x558f5ab72520,3
0x558f5ab74900,1
0x558f5ab74960,2
0x558f5ab72380,1
0x558f5ab74a60,2
0x558f5ab722c0,1
0x558f5ab75ae0,1
0x558f5ab72180,1
0x558f5ab72120,1
0x558f5ab74b80,4,0x558f5ab75d40,Ted
0x558f5ab71fc0,3
0x558f5ab71f60,1
0x558f5ab71f00,1
0x558f5ab74c40,3
0x558f5ab74ca0,2
0x558f5ab71da0,2
0x558f5ab71d40,2
0x558f5ab74d80,4,0x558f5ab76cc0,Tim
0x558f5ab71be0,2
0x558f5ab71b80,5,0x558f5ab75b40,Tann
0x558f5ab71ac0,1
0x558f5ab71a00,1
0x558f5ab74e00,4,0x558f5ab77160,Tod
0x558f5ab71820,2
0x558f5ab750a0,1
0x558f5ab751a0,5,0x558f5ab75ca0,Tate
0x558f5ab71660,5,0x558f5ab75d60,Tedd
0x558f5ab752c0,5,0x558f5ab75ec0,Temp
0x558f5ab71500,3
0x558f5ab713e0,1
0x558f5ab71360,3
0x558f5ab753c0,4,0x558f5ab77280,Tom
0x558f5ab75480,1
0x558f5ab755c0,2
0x558f5ab711e0,2
0x558f5ab71160,1
0x558f5ab71100,2
0x558f5ab710a0,1
0x558f5ab75620,1
0x558f5ab70f80,4,0x558f5ab782c0,Tye
0x558f5ab70f00,1
0x558f5ab756e0,4,0x558f5ab78560,Ugo
0x558f5ab70de0,1
0x558f5ab75740,2
0x558f5ab70d20,1
0x558f5ab70cc0,1
0x558f5ab70c60,5,0x558f5ab76620,Theo
0x558f5ab70b80,2
0x558f5ab70a80,3
0x558f5ab70a20,2
0x558f5ab709c0,2
0x558f5ab70960,1
0x558f5ab70900,2
0x558f5ab708a0,3
0x558f5ab70840,1
0x558f5ab707a0,2
0x558f5ab70680,1
0x558f5ab757c0,1
0x558f5ab70540,1
0x558f5ab75a20,1
0x558f5ab70440,2
0x558f5ab703e0,1
0x558f5ab70380,3
0x558f5ab702e0,2
0x558f5ab70280,2
0x558f5ab70200,4,0x558f5ab788c0,Uri
0x558f5ab701a0,4,0x558f5ab78a60,Val
0x558f5ab70100,3
0x558f5ab6ff40,1
0x558f5ab6fd40,1
0x558f5ab75a80,4,0x558f5ab78c40,Van
0x558f5ab6fb60,2
0x558f5ab654c0,1
0x558f5ab65780,3
0x558f5ab65120,1
0x558f5ab64ee0,1
0x558f5ab65b20,2
0x558f5ab64d00,2
0x558f5ab64c20,1
0x558f5ab64b40,3
0x558f5ab64a80,1
0x558f5ab65e20,1
0x558f5ab660e0,1
0x558f5ab648e0,3
0x558f5ab66020,1
0x558f5ab646a0,3
0x558f5ab645c0,1
0x558f5ab661c0,3
0x558f5ab64440,2
0x558f5ab64260,1
0x558f5ab641e0,2
0x558f5ab64180,1
0x558f5ab66700,3
0x558f5ab64000,1
0x558f5ab63fa0,1
0x558f5ab63f40,1
0x558f5ab66800,2
0x558f5ab63e40,1
0x558f5ab63c80,1
0x558f5ab63c20,1
0x558f5ab63bc0,2
0x558f5ab66940,1
0x558f5ab63aa0,1
0x558f5ab63a20,1
0x558f5ab638c0,2
0x558f5ab63700,3
0x558f5ab63680,1
0x558f5ab63620,1
0x558f5ab66cc0,2
0x558f5ab66da0,1
0x558f5ab66e00,1
0x558f5ab63260,1
0x558f5ab63200,2
0x558f5ab66f40,1
0x558f5ab66fe0,2
0x558f5ab67040,2
0x558f5ab62e00,1
0x558f5ab62d60,1
0x558f5ab62d00,1
0x558f5ab62c40,3
0x558f5ab62b80,3
0x558f5ab67160,1
0x558f5ab629e0,1
0x558f5ab62940,1
0x558f5ab67340,1
0x558f5ab62740,2
0x558f5ab62680,1
0x558f5ab62560,1
0x558f5ab624e0,2
0x558f5ab623a0,3
0x558f5ab62340,1
0x558f5ab67420,1
0x558f5ab621a0,1
0x558f5ab61de0,3
0x558f5ab675c0,3
0x558f5ab61c80,1
0x558f5ab61bc0,1
0x558f5ab67800,3
0x558f5ab619a0,2
0x558f5ab618c0,2
0x558f5ab61780,1
0x558f5ab61720,1
0x558f5ab615a0,2
0x558f5ab61540,1
0x558f5ab61480,2
0x558f5ab67880,2
0x558f5ab678e0,1
0x558f5ab612e0,1
0x558f5ab61280,2
0x558f5ab611e0,1
0x558f5ab610e0,1
0x558f5ab61060,1
0x558f5ab60fe0,3
0x558f5ab60f20,3
0x558f5ab60ec0,2
0x558f5ab67a60,1
0x558f5ab57c80,2
0x558f5ab57b00,3
0x558f5ab57aa0,3
0x558f5ab57a20,1
0x558f5ab579c0,2
0x558f5ab57960,1
0x558f5ab578e0,2
0x558f5ab577a0,2
0x558f5ab57740,1
0x558f5ab576e0,2
0x558f5ab57660,1
0x558f5ab57380,1
0x558f5ab57320,3
0x558f5ab57240,3
0x558f5ab571e0,2
0x558f5ab57180,2
0x558f5ab580a0,1
0x558f5ab57f40,1
0x558f5ab57fc0,2
0x558f5ab58100,3
0x558f5ab58220,3
0x558f5ab582e0,2
0x558f5ab56ce0,3
0x558f5ab584e0,1
0x558f5ab56a60,2
0x558f5ab569e0,3
0x558f5ab56980,2
0x558f5ab56920,1
0x558f5ab58600,3
0x558f5ab56760,2
0x558f5ab56700,2
0x558f5ab586e0,1
0x558f5ab564c0,2
0x558f5ab56460,1
0x558f5ab563e0,1
allocMBList:
Memory Block Address,Size,Content Starting Address,Contents
0x558f5ab544f0,8,0x558f5aba5046,Abelard
0x558f5ab54830,6,0x558f5aba5094,Adamo
0x558f5ab549b0,4,0x558f5aba50b8,Ade
0x558f5ab549f0,9,0x558f5aba50bc,Adelbert
0x558f5ab54bb0,8,0x558f5aba50e8,Adolphe
0x558f5ab54bf0,8,0x558f5aba50f0,Adolpho
0x558f5ab54ef0,6,0x558f5aba5149,Ahmed
0x558f5ab55170,8,0x558f5aba5182,Alanson
0x558f5ab55530,5,0x558f5aba51f2,Aldo
0x558f5ab556b0,6,0x558f5aba521c,Aldus
0x558f5ab55cf0,9,0x558f5aba52dc,Algernon
0x558f5ab55d30,4,0x558f5aba52e5,Ali
0x558f5ab55db0,6,0x558f5aba52ee,Alick
0x558f5ab55ff0,6,0x558f5aba532f,Alley
0x558f5ab56070,6,0x558f5aba533c,Allie
0x558f5ab931c0,9,0x558f5aba538a,Alphonse
0x558f5ab93200,9,0x558f5aba5393,Alphonso
0x558f5ab93540,6,0x558f5aba53e5,Amble
0x558f5ab935c0,8,0x558f5aba53f2,Ambrose
0x558f5ab93680,10,0x558f5aba540b,Ambrosius
0x558f5ab93cc0,5,0x558f5aba54bd,Andy
0x558f5ab93e40,6,0x558f5aba54e4,Angie
0x558f5ab93f00,7,0x558f5aba54f6,Ansell
0x558f5ab944c0,11,0x558f5aba55a1,Archibaldo
0x558f5ab94880,6,0x558f5aba5603,Arman
0x558f5ab948c0,7,0x558f5aba5609,Armand
0x558f5ab94ac0,6,0x558f5aba5640,Arnie
0x558f5ab94bc0,5,0x558f5aba565c,Arny
0x558f5ab94c00,5,0x558f5aba5661,Aron
0x558f5ab94c40,5,0x558f5aba5666,Arri
0x558f5ab94c80,6,0x558f5aba566b,Arron
0x558f5ab94e80,7,0x558f5aba56a0,Arthur
0x558f5ab95700,8,0x558f5aba5779,Averell
0x558f5ab957c0,6,0x558f5aba5790,Avery
0x558f5ab959c0,7,0x558f5aba57be,Aylmar
0x558f5ab95a40,6,0x558f5aba57cc,Aymer
0x558f5ab95ec0,5,0x558f5aba5840,Bard
0x558f5ab96400,5,0x558f5aba58d1,Bart
0x558f5ab96a80,11,0x558f5aba59a1,Batholomew
0x558f5ab96c00,4,0x558f5aba59ca,Bay
0x558f5ab96c80,6,0x558f5aba59d5,Beale
0x558f5ab96dc0,9,0x558f5aba59f5,Beaufort
0x558f5ab96e40,5,0x558f5aba5a09,Beck
0x558f5ab96f80,7,0x558f5aba5a2b,Bendix
0x558f5ab97040,9,0x558f5aba5a45,Benedict
0x558f5ab97080,10,0x558f5aba5a4e,Benedicto
0x558f5ab972c0,6,0x558f5aba5a97,Benjy
0x558f5ab973c0,6,0x558f5aba5ab1,Benny
0x558f5ab97400,7,0x558f5aba5ab7,Benoit
0x558f5ab97540,7,0x558f5aba5ada,Benton
0x558f5ab97580,9,0x558f5aba5ae1,Benyamin
0x558f5ab97a80,7,0x558f5aba5b6a,Berton
0x558f5ab97b80,6,0x558f5aba5b8c,Berty
0x558f5ab97e80,6,0x558f5aba5bce,Birch
0x558f5ab98140,7,0x558f5aba5c0c,Bobbie
0x558f5ab981c0,7,0x558f5aba5c19,Bogart
0x558f5ab982c0,7,0x558f5aba5c32,Bondie
0x558f5ab986c0,5,0x558f5aba5c98,Borg
0x558f5ab98900,5,0x558f5aba5ccd,Brad
0x558f5ab98b00,6,0x558f5aba5d06,Brady
0x558f5ab98e00,9,0x558f5aba5d59,Brantley
0x558f5ab99100,5,0x558f5aba5db0,Brew
0x558f5ab99300,5,0x558f5aba5de5,Brig
0x558f5ab99340,6,0x558f5aba5dea,Brigg
0x558f5ab99900,6,0x558f5aba5e88,Brook
0x558f5ab99a40,7,0x558f5aba5ea8,Brucie
0x558f5ab99bc0,6,0x558f5aba5ed0,Bryce
0x558f5ab99c40,6,0x558f5aba5edb,Bryon
0x558f5ab99dc0,7,0x558f5aba5efc,Buddie
0x558f5ab99e00,6,0x558f5aba5f03,Buddy
0x558f5ab9a4c0,9,0x558f5aba5faa,Caldwell
0x558f5ab9a700,6,0x558f5aba5fe6,Camey
0x558f5ab9a840,6,0x558f5aba6001,Carey
0x558f5ab9abc0,5,0x558f5aba6063,Carr
0x558f5ab9ad40,7,0x558f5aba608a,Carver
0x558f5ab9b080,7,0x558f5aba60d8,Cazzie
0x558f5ab9b180,8,0x558f5aba60f3,Cecilio
0x558f5ab9b1c0,9,0x558f5aba60fb,Cecilius
0x558f5ab9b440,7,0x558f5aba613c,Chaddy
0x558f5ab9b480,9,0x558f5aba6143,Chadwick
0x558f5ab9b4c0,6,0x558f5aba614c,Chaim
0x558f5ab9b500,9,0x558f5aba6152,Chalmers
0x558f5ab9b540,5,0x558f5aba615b,Chan
0x558f5ab9b580,7,0x558f5aba6160,Chance
0x558f5ab9b700,8,0x558f5aba618e,Charley
0x558f5ab9b9c0,8,0x558f5aba61d9,Cheston
0x558f5ab9ba40,5,0x558f5aba61e6,Chev
0x558f5ab9ba80,10,0x558f5aba61eb,Chevalier
0x558f5ab9bc00,6,0x558f5aba6215,Chico
0x558f5ab9bf80,11,0x558f5aba6292,Christophe
0x558f5ab9c180,6,0x558f5aba62df,Chuck
0x558f5ab9c540,11,0x558f5aba6350,Claudianus
0x558f5ab9c5c0,9,0x558f5aba6363,Claudius
0x558f5ab9c640,5,0x558f5aba6372,Clay
0x558f5ab9cb40,7,0x558f5aba6411,Clevey
0x558f5ab9cc80,6,0x558f5aba6433,Clint
0x558f5ab9cfc0,8,0x558f5aba647b,Cointon
0x558f5ab9d480,7,0x558f5aba64f4,Conrad
0x558f5ab9d580,9,0x558f5aba6512,Consalve
0x558f5ab9d700,7,0x558f5aba654a,Cooper
0x558f5ab9d840,6,0x558f5aba656e,Corby
0x558f5ab9d900,7,0x558f5aba6581,Cordie
0x558f5ab9dcc0,5,0x558f5aba65e7,Cory
0x558f5ab9e000,9,0x558f5aba663c,Crawford
0x558f5ab9e200,10,0x558f5aba667f,Cristobal
0x558f5ab9e240,7,0x558f5aba6689,Crosby
0x558f5ab9e7c0,8,0x558f5aba6716,Cyrille
0x558f5ab9e800,9,0x558f5aba671e,Cyrillus
0x558f5ab9ea40,5,0x558f5aba6752,Dall
0x558f5ab9ee00,5,0x558f5aba67b0,Dane
0x558f5ab9f1c0,6,0x558f5aba6808,Daren
0x558f5ab9f280,6,0x558f5aba681b,Dario
0x558f5ab9f480,7,0x558f5aba6852,Darren
0x558f5ab9f680,5,0x558f5aba6887,Dave
0x558f5ab9f800,9,0x558f5aba68ad,Davidson
0x558f5ab9f9c0,5,0x558f5aba68d6,Witt
0x558f5ab9fdc0,8,0x558f5aba693f,Demetri
0x558f5ab9fe00,9,0x558f5aba6947,Demetris
0x558f5ab9fe40,10,0x558f5aba6950,Demetrius
0x558f5aba0000,7,0x558f5aba697e,Dennie
0x558f5aba0280,5,0x558f5aba69bf,Derk
0x558f5aba0300,7,0x558f5aba69cb,Derrek
0x558f5aba0340,8,0x558f5aba69d2,Derrick
0x558f5aba03c0,7,0x558f5aba69e1,Derril
0x558f5aba0440,6,0x558f5aba69ef,Derry
0x558f5aba0700,7,0x558f5aba6a36,Devlin
0x558f5aba09c0,7,0x558f5aba6a78,Dickie
0x558f5ab58900,8,0x558f5aba6a85,Gaspard
0x558f5ab589a0,7,0x558f5aba6a95,Gaston
0x558f5ab58a20,9,0x558f5aba6aa6,Gauthier
0x558f5ab58b00,6,0x558f5aba6abb,Gavin
0x558f5ab58d20,8,0x558f5aba6af3,Gearalt
0x558f5ab58f60,7,0x558f5aba6b2f,George
0x558f5ab59020,8,0x558f5aba6b45,Georgie
0x558f5ab590e0,7,0x558f5aba6b5b,Gerard
0x558f5ab59240,7,0x558f5aba6b81,Gerick
0x558f5ab593c0,8,0x558f5aba6baf,Gerrard
0x558f5ab59440,7,0x558f5aba6bbd,Gerrie
0x558f5ab59540,8,0x558f5aba6bd8,Giacobo
0x558f5ab59600,5,0x558f5aba6bf0,Gian
0x558f5ab596e0,5,0x558f5aba6c04,Gibb
0x558f5ab598a0,7,0x558f5aba6c31,Giffie
0x558f5ab59b80,9,0x558f5aba6c7d,Giordano
0x558f5ab59bc0,7,0x558f5aba6c86,Giorgi
0x558f5ab59c00,8,0x558f5aba6c8d,Giorgio
0x558f5ab59d00,10,0x558f5aba6cad,Giselbert
0x558f5ab59dc0,9,0x558f5aba6cc7,Giustino
0x558f5ab59e00,7,0x558f5aba6cd0,Giusto
0x558f5ab5a000,7,0x558f5aba6d04,Godart
0x558f5ab5a040,8,0x558f5aba6d0b,Goddard
0x558f5ab5a0c0,8,0x558f5aba6d1b,Godfree
0x558f5ab5a140,7,0x558f5aba6d2b,Godfry
0x558f5ab5a180,7,0x558f5aba6d32,Godwin
0x558f5ab5a1c0,9,0x558f5aba6d39,Gonzales
0x558f5ab5a240,7,0x558f5aba6d4a,Goober
0x558f5ab5a2c0,7,0x558f5aba6d57,Goraud
0x558f5ab5a400,6,0x558f5aba6d7a,Gordy
0x558f5ab5a580,6,0x558f5aba6da8,Grady
0x558f5ab5a780,8,0x558f5aba6ddb,Granger
0x558f5ab5a840,6,0x558f5aba6df2,Grant
0x558f5ab5a980,5,0x558f5aba6e1d,Gray
0x558f5ab5aac0,8,0x558f5aba6e3f,Gregoor
0x558f5ab5ab80,10,0x558f5aba6e57,Gregorius
0x558f5ab5ac00,10,0x558f5aba6e69,Grenville
0x558f5ab5ad00,9,0x558f5aba6e89,Griffith
0x558f5ab5af40,6,0x558f5aba6ecd,Guido
0x558f5ab5b000,10,0x558f5aba6ee6,Guillermo
0x558f5ab5b060,6,0x558f5aba6ef0,Gunar
0x558f5ab5b1c0,5,0x558f5aba6f13,Guss
0x558f5ab5b200,7,0x558f5aba6f18,Gustaf
0x558f5ab5b240,7,0x558f5aba6f1f,Gustav
0x558f5ab5b280,8,0x558f5aba6f26,Gustave
0x558f5ab5b300,9,0x558f5aba6f36,Gustavus
0x558f5ab5b340,8,0x558f5aba6f3f,Guthrey
0x558f5ab5b440,7,0x558f5aba6f56,Hadlee
0x558f5ab5b480,9,0x558f5aba6f5d,Hadleigh
0x558f5ab5b500,8,0x558f5aba6f6d,Hadrian
0x558f5ab5b860,6,0x558f5aba6fc1,Halsy
0x558f5ab5b8c0,6,0x558f5aba6fc7,Hamel
0x558f5ab5b9c0,7,0x558f5aba6fe2,Hamish
0x558f5ab5ba40,7,0x558f5aba6ff0,Hamlin
0x558f5ab5ba80,7,0x558f5aba6ff7,Hammad
0x558f5ab5bb00,6,0x558f5aba7005,Hanan
0x558f5ab5bb40,5,0x558f5aba700b,Hank
0x558f5ab5bc40,7,0x558f5aba7025,Harald
0x558f5ab5bc80,8,0x558f5aba702c,Harbert
0x558f5ab5bcc0,9,0x558f5aba7034,Harcourt
0x558f5ab5be00,7,0x558f5aba7059,Harley
0x558f5ab5be40,7,0x558f5aba7060,Harlin
0x558f5ab5be80,7,0x558f5aba7067,Harman
0x558f5ab5c0c0,5,0x558f5aba70a5,Hart
0x558f5ab5c140,9,0x558f5aba70b2,Hartwell
0x558f5ab5c200,8,0x558f5aba70c7,Harwell
0x558f5ab5c2c0,7,0x558f5aba70e0,Hashim
0x558f5ab5c5c0,8,0x558f5aba7136,Haywood
0x558f5ab5c740,6,0x558f5aba715e,Heath
0x558f5ab5c880,8,0x558f5aba7185,Heinrik
0x558f5ab5c8c0,10,0x558f5aba718d,Henderson
0x558f5ab5cc40,10,0x558f5aba71f4,Heriberto
0x558f5ab5cd40,7,0x558f5aba7214,Hermon
0x558f5ab5ce80,7,0x558f5aba7239,Hersch
0x558f5ab5cf00,6,0x558f5aba7249,Hersh
0x558f5ab5d160,8,0x558f5aba7283,Heywood
0x558f5ab5d240,9,0x558f5aba729e,Hilarius
0x558f5ab5d400,9,0x558f5aba72d2,Hilliard
0x558f5ab5d440,7,0x558f5aba72db,Hillie
0x558f5ab5d740,6,0x558f5aba732c,Hodge
0x558f5ab5d980,7,0x558f5aba7366,Homere
0x558f5ab5d9c0,8,0x558f5aba736d,Homerus
0x558f5ab5da80,8,0x558f5aba7384,Horatio
0x558f5ab5db00,6,0x558f5aba7395,Horst
0x558f5ab5db40,5,0x558f5aba739b,Hort
0x558f5ab5db80,7,0x558f5aba73a0,Horten
0x558f5ab5dbc0,7,0x558f5aba73a7,Horton
0x558f5ab5dc00,7,0x558f5aba73ae,Howard
0x558f5ab5dcc0,5,0x558f5aba73c1,Hoyt
0x558f5ab5dd80,8,0x558f5aba73d2,Huberto
0x558f5ab5de40,5,0x558f5aba73e6,Huey
0x558f5ab5de80,5,0x558f5aba73eb,Hugh
0x558f5ab5dec0,7,0x558f5aba73f0,Hughie
0x558f5ab5df40,5,0x558f5aba7400,Hugo
0x558f5ab5df80,7,0x558f5aba7405,Hugues
0x558f5ab5e000,9,0x558f5aba7414,Humberto
0x558f5ab5e100,9,0x558f5aba7436,Humphrey
0x558f5ab5e180,5,0x558f5aba7448,Hunt
0x558f5ab5e380,7,0x558f5aba7486,Husain
0x558f5ab5e460,6,0x558f5aba749c,Hyatt
0x558f5ab5e520,5,0x558f5aba74ae,Iago
0x558f5ab5e600,8,0x558f5aba74c0,Ichabod
0x558f5ab5e700,8,0x558f5aba74da,Ignacio
0x558f5ab5e7c0,6,0x558f5aba74f4,Ignaz
0x558f5ab5e9e0,6,0x558f5aba752b,Ingar
0x558f5ab5eaa0,6,0x558f5aba7543,Inger
0x558f5ab5eb60,7,0x558f5aba755a,Ingmar
0x558f5ab5ebe0,7,0x558f5aba7567,Ingram
0x558f5ab5ee20,6,0x558f5aba759b,Irvin
0x558f5ab5efa0,6,0x558f5aba75c0,Isaac
0x558f5ab5f2a0,7,0x558f5aba7611,Isidro
0x558f5ab5f420,4,0x558f5aba7635,Ive
0x558f5ab5f520,6,0x558f5aba7648,Izaak
0x558f5ab5f720,6,0x558f5aba7678,Jacob
0x558f5ab5f7a0,8,0x558f5aba7685,Jacques
0x558f5ab5f8a0,5,0x558f5aba769e,Jake
0x558f5ab5f9a0,6,0x558f5aba76b6,Jamal
0x558f5ab5f9e0,6,0x558f5aba76bc,James
0x558f5ab5fa20,8,0x558f5aba76c2,Jameson
0x558f5ab5fb60,7,0x558f5aba76e3,Jamill
0x558f5ab5fce0,6,0x558f5aba7709,Jarad
0x558f5ab5fd20,5,0x558f5aba770f,Jard
0x558f5ab5fe20,6,0x558f5aba7726,Jarid
0x558f5ab60160,7,0x558f5aba777c,Javier
0x558f5ab60260,7,0x558f5aba7792,Jaymie
0x558f5ab602e0,7,0x558f5aba77a0,Jdavie
0x558f5ab60320,5,0x558f5aba77a7,Jean
0x558f5ab606a0,5,0x558f5aba7807,Jehu
0x558f5ab60720,5,0x558f5aba7811,Jens
0x558f5ab60760,9,0x558f5aba7816,Jephthah
0x558f5ab607a0,6,0x558f5aba781f,Jerad
0x558f5ab60ae0,7,0x558f5aba7883,Jerome
0x558f5ab60ba0,7,0x558f5aba7897,Jerrie
0x558f5ab60c20,8,0x558f5aba78a6,Jerrome
0x558f5ab60ce0,5,0x558f5aba78bb,Jess
0x558f5ab60d60,7,0x558f5aba78c6,Jessee
0x558f5ab60da0,7,0x558f5aba78cd,Jessey
0x558f5ab679e0,13,0x558f5aba78d4,Maximilianus
0x558f5ab67ac0,8,0x558f5aba78ec,Maxwell
0x558f5ab67b40,8,0x558f5aba78f4,Maynard
0x558f5ab67c20,6,0x558f5aba7904,Meade
0x558f5ab67c60,6,0x558f5aba790a,Meier
0x558f5ab67d20,7,0x558f5aba7917,Melvyn
0x558f5ab67da0,7,0x558f5aba7925,Mendel
0x558f5ab67f20,7,0x558f5aba7952,Merill
0x558f5ab67fe0,8,0x558f5aba7966,Merrick
0x558f5ab68220,6,0x558f5aba799d,Micah
0x558f5ab68260,8,0x558f5aba79a3,Michael
0x558f5ab682a0,8,0x558f5aba79ab,Michail
0x558f5ab68360,8,0x558f5aba79c2,Micheal
0x558f5ab683a0,8,0x558f5aba79ca,Micheil
0x558f5ab683e0,7,0x558f5aba79d2,Michel
0x558f5ab68480,7,0x558f5aba79e1,Mickey
0x558f5ab68500,6,0x558f5aba79ef,Micky
0x558f5ab68580,7,0x558f5aba79fc,Mikael
0x558f5ab68620,6,0x558f5aba7a09,Mikey
0x558f5ab68660,7,0x558f5aba7a0f,Mikkel
0x558f5ab686a0,6,0x558f5aba7a16,Mikol
0x558f5ab68780,8,0x558f5aba7a27,Millard
0x558f5ab687c0,7,0x558f5aba7a2f,Miller
0x558f5ab68800,5,0x558f5aba7a36,Milo
0x558f5ab68840,5,0x558f5aba7a3b,Milt
0x558f5ab68880,7,0x558f5aba7a40,Miltie
0x558f5ab688c0,7,0x558f5aba7a47,Milton
0x558f5ab68900,6,0x558f5aba7a4e,Milty
0x558f5ab68980,6,0x558f5aba7a5a,Minor
0x558f5ab68a00,6,0x558f5aba7a67,Mitch
0x558f5ab68a40,9,0x558f5aba7a6d,Mitchael
0x558f5ab68ac0,9,0x558f5aba7a7e,Mitchell
0x558f5ab68b20,9,0x558f5aba7a87,Mohammed
0x558f5ab68c60,7,0x558f5aba7aaf,Moishe
0x558f5ab68ca0,6,0x558f5aba7ab6,Monro
0x558f5ab68d20,9,0x558f5aba7ac3,Montague
0x558f5ab68d60,6,0x558f5aba7acc,Monte
0x558f5ab68da0,11,0x558f5aba7ad2,Montgomery
0x558f5ab68ee0,9,0x558f5aba7af4,Mordecai
0x558f5ab68fe0,7,0x558f5aba7b10,Morgen
0x558f5ab69060,6,0x558f5aba7b1e,Morie
0x558f5ab69120,7,0x558f5aba7b32,Morley
0x558f5ab69160,6,0x558f5aba7b39,Morly
0x558f5ab691e0,7,0x558f5aba7b46,Morris
0x558f5ab69220,6,0x558f5aba7b4d,Morry
0x558f5ab69260,6,0x558f5aba7b53,Morse
0x558f5ab692a0,5,0x558f5aba7b59,Mort
0x558f5ab692e0,7,0x558f5aba7b5e,Morten
0x558f5ab69320,7,0x558f5aba7b65,Mortie
0x558f5ab69360,9,0x558f5aba7b6c,Mortimer
0x558f5ab693e0,6,0x558f5aba7b7c,Morty
0x558f5ab69460,6,0x558f5aba7b87,Moses
0x558f5ab694a0,6,0x558f5aba7b8d,Moshe
0x558f5ab69560,7,0x558f5aba7b9e,Muffin
0x558f5ab696a0,8,0x558f5aba7bc4,Murdock
0x558f5ab696e0,7,0x558f5aba7bcc,Murray
0x558f5ab69760,7,0x558f5aba7bd9,Murvyn
0x558f5ab69800,6,0x558f5aba7be5,Mycah
0x558f5ab698c0,6,0x558f5aba7bf7,Myles
0x558f5ab69940,6,0x558f5aba7c02,Myron
0x558f5ab69980,7,0x558f5aba7c08,Myrvyn
0x558f5ab69aa0,7,0x558f5aba7c25,Nappie
0x558f5ab69ae0,6,0x558f5aba7c2c,Nappy
0x558f5ab69b40,6,0x558f5aba7c32,Natal
0x558f5ab69bc0,9,0x558f5aba7c3f,Nataniel
0x558f5ab69c00,5,0x558f5aba7c48,Nate
0x558f5ab69c80,10,0x558f5aba7c54,Nathanael
0x558f5ab69d80,6,0x558f5aba7c7b,Natty
0x558f5ab69dc0,5,0x558f5aba7c81,Neal
0x558f5ab69e80,7,0x558f5aba7c92,Nealon
0x558f5ab69f60,7,0x558f5aba7ca7,Neddie
0x558f5ab69fe0,5,0x558f5aba7cb4,Neel
0x558f5ab6a060,9,0x558f5aba7cbf,Nehemiah
0x558f5ab6a0a0,5,0x558f5aba7cc8,Neil
0x558f5ab6a120,6,0x558f5aba7cd3,Neils
0x558f5ab6a1a0,7,0x558f5aba7cde,Nelson
0x558f5ab6a220,6,0x558f5aba7cea,Neron
0x558f5ab6a260,7,0x558f5aba7cf0,Nester
0x558f5ab6a2a0,7,0x558f5aba7cf7,Nestor
0x558f5ab6a300,6,0x558f5aba7cfe,Nevil
0x558f5ab6a380,8,0x558f5aba7d0b,Neville
0x558f5ab6a4c0,6,0x558f5aba7d2c,Niall
0x558f5ab6a540,9,0x558f5aba7d3a,Nicholas
0x558f5ab6a5c0,8,0x558f5aba7d4b,Nichols
0x558f5ab6a600,5,0x558f5aba7d53,Nick
0x558f5ab6a640,7,0x558f5aba7d58,Nickey
0x558f5ab6a700,8,0x558f5aba7d6c,Nickola
0x558f5ab6a740,9,0x558f5aba7d74,Nickolai
0x558f5ab6a800,6,0x558f5aba7d90,Nicky
0x558f5ab6a880,6,0x558f5aba7d9b,Nicol
0x558f5ab6a8c0,7,0x558f5aba7da1,Nicola
0x558f5ab6a900,8,0x558f5aba7da8,Nicolai
0x558f5ab6a940,9,0x558f5aba7db0,Nicolais
0x558f5ab6a980,8,0x558f5aba7db9,Nicolas
0x558f5ab6aa00,5,0x558f5aba7dc9,Niel
0x558f5ab6ab40,6,0x558f5aba7de6,Nikki
0x558f5ab6abc0,7,0x558f5aba7df1,Nikola
0x558f5ab6ac40,9,0x558f5aba7e00,Nikolaos
0x558f5ab6ad00,8,0x558f5aba7e1a,Nikolos
0x558f5ab6ade0,5,0x558f5aba7e2e,Nils
0x558f5ab6aee0,5,0x558f5aba7e46,Noah
0x558f5ab6af20,5,0x558f5aba7e4b,Noak
0x558f5ab6af60,5,0x558f5aba7e50,Noam
0x558f5ab6afe0,6,0x558f5aba7e5a,Nobie
0x558f5ab6b060,5,0x558f5aba7e66,Noby
0x558f5ab6b140,7,0x558f5aba7e76,Noland
0x558f5ab6b180,5,0x558f5aba7e7d,Noll
0x558f5ab6b1c0,7,0x558f5aba7e82,Nollie
0x558f5ab6b280,7,0x558f5aba7e97,Norbie
0x558f5ab6b2c0,6,0x558f5aba7e9e,Norby
0x558f5ab6b340,8,0x558f5aba7eab,Normand
0x558f5ab6b400,7,0x558f5aba7ec0,Norrie
0x558f5ab6b440,7,0x558f5aba7ec7,Norris
0x558f5ab6b480,6,0x558f5aba7ece,Norry
0x558f5ab6b4c0,6,0x558f5aba7ed4,North
0x558f5ab6b500,9,0x558f5aba7eda,Northrop
0x558f5ab6b540,9,0x558f5aba7ee3,Northrup
0x558f5ab6b5c0,7,0x558f5aba7ef3,Nowell
0x558f5ab6b620,6,0x558f5aba7efa,Oates
0x558f5ab6b660,8,0x558f5aba7f00,Obadiah
0x558f5ab6b6a0,8,0x558f5aba7f08,Obadias
0x558f5ab6b6e0,5,0x558f5aba7f10,Obed
0x558f5ab6b720,8,0x558f5aba7f15,Obediah
0x558f5ab6b8a0,6,0x558f5aba7f3a,Odell
0x558f5ab6b9a0,6,0x558f5aba7f4a,Ogdan
0x558f5ab6baa0,5,0x558f5aba7f61,Olav
0x558f5ab6bb00,9,0x558f5aba7f66,Olenolin
0x558f5ab6bc40,9,0x558f5aba7f8b,Oliviero
0x558f5ab6bcc0,5,0x558f5aba7f9a,Olly
0x558f5ab6bdc0,6,0x558f5aba7fb0,Onfre
0x558f5ab6be40,9,0x558f5aba7fbd,Onofredo
0x558f5ab6be80,5,0x558f5aba7fc6,Oran
0x558f5ab6bf40,5,0x558f5aba7fdb,Oren
0x558f5ab6bf80,5,0x558f5aba7fe0,Orin
0x558f5ab6c040,7,0x558f5aba7ff1,Orland
0x558f5ab6c0c0,6,0x558f5aba8000,Orran
0x558f5ab6c1c0,6,0x558f5aba8018,Orton
0x558f5ab6c220,8,0x558f5aba801e,Orville
0x558f5ab6c2e0,8,0x558f5aba8034,Osborne
0x558f5ab6c320,8,0x558f5aba803c,Osbourn
0x558f5ab6c360,9,0x558f5aba8044,Osbourne
0x558f5ab6c3a0,7,0x558f5aba804d,Osgood
0x558f5ab6c420,7,0x558f5aba805b,Osmund
0x558f5ab6c460,6,0x558f5aba8062,Ossie
0x558f5ab6c4a0,7,0x558f5aba8068,Oswald
0x558f5ab6c4e0,7,0x558f5aba806f,Oswell
0x558f5ab6c520,5,0x558f5aba8076,Otes
0x558f5ab6c560,8,0x558f5aba807b,Othello
0x558f5ab6c5a0,5,0x558f5aba8083,Otho
0x558f5ab6c5e0,5,0x558f5aba8088,Otis
0x558f5ab6c660,5,0x558f5aba8092,Owen
0x558f5ab6c6a0,6,0x558f5aba8097,Ozzie
0x558f5ab6c6e0,5,0x558f5aba809d,Ozzy
0x558f5ab6c7e0,5,0x558f5aba80b6,Paco
0x558f5ab6c820,8,0x558f5aba80bb,Pacorro
0x558f5ab6c8e0,7,0x558f5aba80d0,Padget
0x558f5ab6c960,8,0x558f5aba80df,Padraic
0x558f5ab6c9a0,8,0x558f5aba80e7,Padraig
0x558f5ab6c9e0,8,0x558f5aba80ef,Padriac
0x558f5ab6ca20,5,0x558f5aba80f7,Page
0x558f5ab6ca60,6,0x558f5aba80fc,Paige
0x558f5ab6caa0,5,0x558f5aba8102,Pail
0x558f5ab6cae0,5,0x558f5aba8107,Pall
0x558f5ab6cbe0,7,0x558f5aba8121,Pancho
0x558f5ab6cc60,9,0x558f5aba812e,Papageno
0x558f5ab6cca0,8,0x558f5aba8137,Paquito
0x558f5ab6cce0,5,0x558f5aba813f,Park
0x558f5ab6cd20,6,0x558f5aba8144,Parke
0x558f5ab6cd60,7,0x558f5aba814a,Parker
0x558f5ab6cda0,8,0x558f5aba8151,Parnell
0x558f5ab6cfc0,6,0x558f5aba818e,Paten
0x558f5ab6d000,6,0x558f5aba8194,Patin
0x558f5ab6d040,6,0x558f5aba819a,Paton
0x558f5ab6d0c0,8,0x558f5aba81a7,Patrice
0x558f5ab6d280,7,0x558f5aba81e0,Pattie
0x558f5ab6d2c0,7,0x558f5aba81e7,Pattin
0x558f5ab6d3c0,7,0x558f5aba8200,Paulie
0x558f5ab6d400,6,0x558f5aba8207,Paulo
0x558f5ab6d440,6,0x558f5aba820d,Pauly
0x558f5ab6d480,6,0x558f5aba8213,Pavel
0x558f5ab6d500,6,0x558f5aba8220,Paxon
0x558f5ab6d540,7,0x558f5aba8226,Paxton
0x558f5ab6d580,7,0x558f5aba822d,Payton
0x558f5ab6d680,6,0x558f5aba824a,Peder
0x558f5ab6d7a0,5,0x558f5aba8266,Penn
0x558f5ab6d7e0,7,0x558f5aba826b,Pennie
0x558f5ab6d860,7,0x558f5aba8278,Penrod
0x558f5ab6d8e0,8,0x558f5aba8284,Pepillo
0x558f5ab6d9a0,9,0x558f5aba829c,Percival
0x558f5ab6d9e0,6,0x558f5aba82a5,Percy
0x558f5ab6da60,7,0x558f5aba82b2,Perkin
0x558f5ab6db60,5,0x558f5aba82ce,Pete
0x558f5ab6dca0,7,0x558f5aba82ec,Peyter
0x558f5ab6dce0,7,0x558f5aba82f3,Peyton
0x558f5ab6dde0,8,0x558f5aba830f,Phillip
0x558f5ab6de20,9,0x558f5aba8317,Phillipe
0x558f5ab6dea0,8,0x558f5aba8329,Phineas
0x558f5ab6dee0,5,0x558f5aba8331,Phip
0x558f5ab6df20,7,0x558f5aba8336,Pierce
0x558f5ab6dfe0,7,0x558f5aba834c,Pieter
0x558f5ab6e020,8,0x558f5aba8353,Pietrek
0x558f5ab6e060,7,0x558f5aba835b,Pietro
0x558f5ab6e0a0,6,0x558f5aba8362,Piggy
0x558f5ab6e160,7,0x558f5aba8377,Pincus
0x558f5ab6e1a0,6,0x558f5aba837e,Piotr
0x558f5ab6e1e0,4,0x558f5aba8384,Pip
0x558f5ab6e2e0,7,0x558f5aba8398,Porter
0x558f5ab6e360,6,0x558f5aba83a6,Porty
0x558f5ab6e3e0,7,0x558f5aba83b1,Powell
0x558f5ab6e420,5,0x558f5aba83b8,Pren
0x558f5ab6e460,6,0x558f5aba83bd,Prent
0x558f5ab6e4a0,9,0x558f5aba83c3,Prentice
0x558f5ab6e5a0,6,0x558f5aba83e6,Price
0x558f5ab6e5e0,7,0x558f5aba83ec,Prince
0x558f5ab6e760,7,0x558f5aba8413,Putnem
0x558f5ab6e7a0,6,0x558f5aba841a,Pyotr
0x558f5ab6e820,8,0x558f5aba8426,Quentin
0x558f5ab6e8e0,8,0x558f5aba843c,Quincey
0x558f5ab6e920,7,0x558f5aba8444,Quincy
0x558f5ab6e9a0,6,0x558f5aba8453,Quinn
0x558f5ab6e9e0,6,0x558f5aba8459,Quint
0x558f5ab6ea60,8,0x558f5aba8467,Quinton
0x558f5ab6eaa0,8,0x558f5aba846f,Quintus
0x558f5ab6ec20,7,0x558f5aba8494,Raddie
0x558f5ab6ec60,6,0x558f5aba849b,Raddy
0x558f5ab6eca0,7,0x558f5aba84a1,Rafael
0x558f5ab6ed60,5,0x558f5aba84bb,Rafe
0x558f5ab6ede0,10,0x558f5aba84c5,Raffaello
0x558f5ab6ef20,9,0x558f5aba84ed,Raimondo
0x558f5ab6ef60,8,0x558f5aba84f6,Raimund
0x558f5ab6f060,5,0x558f5aba8516,Ralf
0x558f5ab6f0a0,6,0x558f5aba851b,Ralph
0x558f5ab6f0e0,4,0x558f5aba8521,Ram
0x558f5ab6f120,6,0x558f5aba8525,Ramon
0x558f5ab6f160,7,0x558f5aba852b,Ramsay
0x558f5ab6f1e0,6,0x558f5aba8539,Rance
0x558f5ab6f2a0,7,0x558f5aba854c,Randal
0x558f5ab6f2e0,8,0x558f5aba8553,Randall
0x558f5ab6f360,6,0x558f5aba8563,Randi
0x558f5ab6f3a0,7,0x558f5aba8569,Randie
0x558f5ab6f420,9,0x558f5aba8578,Randolph
0x558f5ab6f460,6,0x558f5aba8581,Randy
0x558f5ab6f4a0,8,0x558f5aba8587,Ransell
0x558f5ab6f4e0,7,0x558f5aba858f,Ransom
0x558f5ab6f520,6,0x558f5aba8596,Raoul
0x558f5ab6f5a0,5,0x558f5aba85a4,Raul
0x558f5ab6f620,6,0x558f5aba85ae,Ravid
0x558f5ab6f660,6,0x558f5aba85b4,Raviv
0x558f5ab6f6e0,4,0x558f5aba85c1,Ray
0x558f5ab6f760,8,0x558f5aba85cd,Raymund
0x558f5ab6f820,7,0x558f5aba85e4,Raynor
0x558f5ab6f8a0,6,0x558f5aba85f0,Reade
0x558f5ab6f8e0,7,0x558f5aba85f6,Reagan
0x558f5ab6f920,7,0x558f5aba85fd,Reagen
0x558f5ab6f9a0,4,0x558f5aba860c,Red
0x558f5ab6f9e0,5,0x558f5aba8610,Redd
0x558f5ab6fa20,8,0x558f5aba8615,Redford
0x558f5ab6fae0,5,0x558f5aba8628,Rees
0x558f5ab75b60,7,0x558f5aba862d,Tanner
0x558f5ab75ba0,7,0x558f5aba8634,Tanney
0x558f5ab75be0,7,0x558f5aba863b,Tannie
0x558f5ab75c20,6,0x558f5aba8642,Tanny
0x558f5ab75c60,9,0x558f5aba8648,Tarrance
0x558f5ab75cc0,7,0x558f5aba8651,Taylor
0x558f5ab75d00,7,0x558f5aba8658,Teador
0x558f5ab75d80,7,0x558f5aba865f,Teddie
0x558f5ab75dc0,6,0x558f5aba8666,Teddy
0x558f5ab75e00,6,0x558f5aba866c,Tedie
0x558f5ab75e40,7,0x558f5aba8672,Tedman
0x558f5ab75e80,8,0x558f5aba8679,Tedmund
0x558f5ab75ee0,7,0x558f5aba8681,Temple
0x558f5ab75f20,10,0x558f5aba8688,Templeton
0x558f5ab75f60,8,0x558f5aba8692,Teodoor
0x558f5ab75fa0,7,0x558f5aba869a,Teodor
0x558f5ab75fe0,10,0x558f5aba86a1,Teodorico
0x558f5ab76020,8,0x558f5aba86ab,Teodoro
0x558f5ab76060,8,0x558f5aba86b3,Terence
0x558f5ab760a0,9,0x558f5aba86bb,Terencio
0x558f5ab760e0,9,0x558f5aba86c4,Terrance
0x558f5ab76120,7,0x558f5aba86cd,Terrel
0x558f5ab76160,8,0x558f5aba86d4,Terrell
0x558f5ab761a0,9,0x558f5aba86dc,Terrence
0x558f5ab761e0,6,0x558f5aba86e5,Terri
0x558f5ab76220,8,0x558f5aba86eb,Terrill
0x558f5ab76260,6,0x558f5aba86f3,Terry
0x558f5ab762a0,8,0x558f5aba86f9,Thacher
0x558f5ab762e0,9,0x558f5aba8701,Thaddeus
0x558f5ab76320,8,0x558f5aba870a,Thaddus
0x558f5ab76360,8,0x558f5aba8712,Thadeus
0x558f5ab763a0,6,0x558f5aba871a,Thain
0x558f5ab763e0,7,0x558f5aba8720,Thaine
0x558f5ab76420,6,0x558f5aba8727,Thane
0x558f5ab76460,7,0x558f5aba872d,Thatch
0x558f5ab764a0,9,0x558f5aba8734,Thatcher
0x558f5ab764e0,8,0x558f5aba873d,Thaxter
0x558f5ab76520,7,0x558f5aba8745,Thayne
0x558f5ab76560,9,0x558f5aba874c,Thebault
0x558f5ab765a0,8,0x558f5aba8755,Thedric
0x558f5ab765e0,9,0x558f5aba875d,Thedrick
0x558f5ab76640,9,0x558f5aba8766,Theobald
0x558f5ab76680,8,0x558f5aba876f,Theodor
0x558f5ab766c0,9,0x558f5aba8777,Theodore
0x558f5ab76700,10,0x558f5aba8780,Theodoric
0x558f5ab76740,8,0x558f5aba878a,Thibaud
0x558f5ab76780,8,0x558f5aba8792,Thibaut
0x558f5ab767c0,5,0x558f5aba879a,Thom
0x558f5ab76800,6,0x558f5aba879f,Thoma
0x558f5ab76840,7,0x558f5aba87a5,Thomas
0x558f5ab76880,5,0x558f5aba87ac,Thor
0x558f5ab768c0,7,0x558f5aba87b1,Thorin
0x558f5ab76900,6,0x558f5aba87b8,Thorn
0x558f5ab76940,10,0x558f5aba87be,Thorndike
0x558f5ab76980,8,0x558f5aba87c8,Thornie
0x558f5ab769c0,9,0x558f5aba87d0,Thornton
0x558f5ab76a00,7,0x558f5aba87d9,Thorny
0x558f5ab76a40,7,0x558f5aba87e0,Thorpe
0x558f5ab76a80,10,0x558f5aba87e7,Thorstein
0x558f5ab76ac0,9,0x558f5aba87f1,Thorsten
0x558f5ab76b00,9,0x558f5aba87fa,Thorvald
0x558f5ab76b40,9,0x558f5aba8803,Thurstan
0x558f5ab76b80,9,0x558f5aba880c,Thurston
0x558f5ab76bc0,7,0x558f5aba8815,Tibold
0x558f5ab76c00,8,0x558f5aba881c,Tiebold
0x558f5ab76c40,8,0x558f5aba8824,Tiebout
0x558f5ab76c80,6,0x558f5aba882c,Tiler
0x558f5ab76ce0,7,0x558f5aba8832,Timmie
0x558f5ab76d20,6,0x558f5aba8839,Timmy
0x558f5ab76d60,8,0x558f5aba883f,Timofei
0x558f5ab76da0,8,0x558f5aba8847,Timoteo
0x558f5ab76de0,9,0x558f5aba884f,Timothee
0x558f5ab76e20,10,0x558f5aba8858,Timotheus
0x558f5ab76e60,8,0x558f5aba8862,Timothy
0x558f5ab76ea0,8,0x558f5aba886a,Tirrell
0x558f5ab76ee0,5,0x558f5aba8872,Tito
0x558f5ab76f20,6,0x558f5aba8877,Titos
0x558f5ab76f60,6,0x558f5aba887d,Titus
0x558f5ab76fa0,5,0x558f5aba8883,Tobe
0x558f5ab76fe0,7,0x558f5aba8888,Tobiah
0x558f5ab77020,7,0x558f5aba888f,Tobias
0x558f5ab77060,6,0x558f5aba8896,Tobie
0x558f5ab770a0,6,0x558f5aba889c,Tobin
0x558f5ab770e0,6,0x558f5aba88a2,Tobit
0x558f5ab77120,5,0x558f5aba88a8,Toby
0x558f5ab77180,5,0x558f5aba88ad,Todd
0x558f5ab771c0,7,0x558f5aba88b2,Toddie
0x558f5ab77200,6,0x558f5aba88b9,Toddy
0x558f5ab77240,8,0x558f5aba88bf,Toiboid
0x558f5ab772a0,6,0x558f5aba88c7,Tomas
0x558f5ab772e0,7,0x558f5aba88cd,Tomaso
0x558f5ab77320,5,0x558f5aba88d4,Tome
0x558f5ab77360,7,0x558f5aba88d9,Tomkin
0x558f5ab773a0,7,0x558f5aba88e0,Tomlin
0x558f5ab773e0,7,0x558f5aba88e7,Tommie
0x558f5ab77420,6,0x558f5aba88ee,Tommy
0x558f5ab77460,7,0x558f5aba88f4,Tonnie
0x558f5ab774a0,5,0x558f5aba88fb,Tony
0x558f5ab774e0,5,0x558f5aba8900,Tore
0x558f5ab77520,6,0x558f5aba8905,Torey
0x558f5ab77560,6,0x558f5aba890b,Torin
0x558f5ab775a0,5,0x558f5aba8911,Torr
0x558f5ab775e0,9,0x558f5aba8916,Torrance
0x558f5ab77620,6,0x558f5aba891f,Torre
0x558f5ab77660,9,0x558f5aba8925,Torrence
0x558f5ab776a0,7,0x558f5aba892e,Torrey
0x558f5ab776e0,7,0x558f5aba8935,Torrin
0x558f5ab77720,6,0x558f5aba893c,Torry
0x558f5ab77760,5,0x558f5aba8942,Town
0x558f5ab777a0,7,0x558f5aba8947,Towney
0x558f5ab777e0,7,0x558f5aba894e,Townie
0x558f5ab77820,9,0x558f5aba8955,Townsend
0x558f5ab77860,6,0x558f5aba895e,Towny
0x558f5ab778a0,6,0x558f5aba8964,Trace
0x558f5ab778e0,7,0x558f5aba896a,Tracey
0x558f5ab77920,7,0x558f5aba8971,Tracie
0x558f5ab77960,6,0x558f5aba8978,Tracy
0x558f5ab779a0,7,0x558f5aba897e,Traver
0x558f5ab779e0,8,0x558f5aba8985,Travers
0x558f5ab77a20,7,0x558f5aba898d,Travis
0x558f5ab77a60,7,0x558f5aba8994,Travus
0x558f5ab77aa0,7,0x558f5aba899b,Trefor
0x558f5ab77ae0,8,0x558f5aba89a2,Tremain
0x558f5ab77b20,9,0x558f5aba89aa,Tremaine
0x558f5ab77b60,9,0x558f5aba89b3,Tremayne
0x558f5ab77ba0,6,0x558f5aba89bc,Trent
0x558f5ab77be0,8,0x558f5aba89c2,Trenton
0x558f5ab77c20,5,0x558f5aba89ca,Trev
0x558f5ab77c60,7,0x558f5aba89cf,Trevar
0x558f5ab77ca0,7,0x558f5aba89d6,Trever
0x558f5ab77ce0,7,0x558f5aba89dd,Trevor
0x558f5ab77d20,5,0x558f5aba89e4,Trey
0x558f5ab77d60,5,0x558f5aba89e9,Trip
0x558f5ab77da0,6,0x558f5aba89ee,Tripp
0x558f5ab77de0,5,0x558f5aba89f4,Tris
0x558f5ab77e20,8,0x558f5aba89f9,Tristam
0x558f5ab77e60,8,0x558f5aba8a01,Tristan
0x558f5ab77ea0,5,0x558f5aba8a09,Troy
0x558f5ab77ee0,8,0x558f5aba8a0e,Trstram
0x558f5ab77f20,8,0x558f5aba8a16,Trueman
0x558f5ab77f60,9,0x558f5aba8a1e,Trumaine
0x558f5ab77fa0,7,0x558f5aba8a27,Truman
0x558f5ab77fe0,8,0x558f5aba8a2e,Trumann
0x558f5ab78020,5,0x558f5aba8a36,Tuck
0x558f5ab78060,7,0x558f5aba8a3b,Tucker
0x558f5ab780a0,7,0x558f5aba8a42,Tuckie
0x558f5ab780e0,6,0x558f5aba8a49,Tucky
0x558f5ab78120,6,0x558f5aba8a4f,Tudor
0x558f5ab78160,5,0x558f5aba8a55,Tull
0x558f5ab781a0,7,0x558f5aba8a5a,Tulley
0x558f5ab781e0,6,0x558f5aba8a61,Tully
0x558f5ab78220,7,0x558f5aba8a67,Turner
0x558f5ab78280,7,0x558f5aba8a6e,Tybalt
0x558f5ab782e0,6,0x558f5aba8a75,Tyler
0x558f5ab78320,6,0x558f5aba8a7b,Tymon
0x558f5ab78360,8,0x558f5aba8a81,Tymothy
0x558f5ab783a0,6,0x558f5aba8a89,Tynan
0x558f5ab783e0,7,0x558f5aba8a8f,Tyrone
0x558f5ab78420,6,0x558f5aba8a96,Tyrus
0x558f5ab78460,6,0x558f5aba8a9c,Tyson
0x558f5ab784a0,6,0x558f5aba8aa2,Udale
0x558f5ab784e0,6,0x558f5aba8aa8,Udall
0x558f5ab78520,6,0x558f5aba8aae,Udell
0x558f5ab78580,8,0x558f5aba8ab4,Ulberto
0x558f5ab785c0,6,0x558f5aba8abc,Ulick
0x558f5ab78600,7,0x558f5aba8ac2,Ulises
0x558f5ab78640,6,0x558f5aba8ac9,Ulric
0x558f5ab78680,7,0x558f5aba8acf,Ulrich
0x558f5ab786c0,7,0x558f5aba8ad6,Ulrick
0x558f5ab78700,8,0x558f5aba8add,Ulysses
0x558f5ab78740,8,0x558f5aba8ae5,Umberto
0x558f5ab78780,6,0x558f5aba8aed,Upton
0x558f5ab787c0,7,0x558f5aba8af3,Urbain
0x558f5ab78800,6,0x558f5aba8afa,Urban
0x558f5ab78840,7,0x558f5aba8b00,Urbano
0x558f5ab78880,8,0x558f5aba8b07,Urbanus
0x558f5ab788e0,6,0x558f5aba8b0f,Uriah
0x558f5ab78920,6,0x558f5aba8b15,Uriel
0x558f5ab78960,6,0x558f5aba8b1b,Urson
0x558f5ab789a0,7,0x558f5aba8b21,Vachel
0x558f5ab789e0,7,0x558f5aba8b28,Vaclav
0x558f5ab78a20,5,0x558f5aba8b2f,Vail
0x558f5ab78a80,9,0x558f5aba8b34,Valdemar
0x558f5ab78ac0,5,0x558f5aba8b3d,Vale
0x558f5ab78b00,10,0x558f5aba8b42,Valentijn
0x558f5ab78b40,9,0x558f5aba8b4c,Valentin
0x558f5ab78b80,10,0x558f5aba8b55,Valentine
0x558f5ab78bc0,10,0x558f5aba8b5f,Valentino
0x558f5ab78c00,6,0x558f5aba8b69,Valle
0x558f5ab78c60,6,0x558f5aba8b6f,Vance
0x558f5ab78ca0,6,0x558f5aba8b75,Vanya
0x558f5ab78ce0,7,0x558f5aba8b7b,Vasili
0x558f5ab78d20,8,0x558f5aba8b82,Vasilis
0x558f5ab78d60,7,0x558f5aba8b8a,Vasily
0x558f5ab78da0,8,0x558f5aba8b91,Vassili
0x558f5ab78de0,8,0x558f5aba8b99,Vassily
0x558f5ab78e20,8,0x558f5aba8ba1,Vaughan
0x558f5ab78e60,7,0x558f5aba8ba9,Vaughn
0x558f5ab78ea0,6,0x558f5aba8bb0,Verge
0x558f5ab78ee0,7,0x558f5aba8bb6,Vergil
0x558f5ab78f20,5,0x558f5aba8bbd,Vern
0x558f5ab78f60,6,0x558f5aba8bc2,Verne
0x558f5ab78fa0,7,0x558f5aba8bc8,Vernen
0x558f5ab78fe0,7,0x558f5aba8bcf,Verney
0x558f5ab79020,7,0x558f5aba8bd6,Vernon
0x558f5ab79060,7,0x558f5aba8bdd,Vernor
0x558f5ab790a0,4,0x558f5aba8be4,Vic
0x558f5ab790e0,5,0x558f5aba8be8,Vick
0x558f5ab79120,8,0x558f5aba8bed,Victoir
0x558f5ab79160,7,0x558f5aba8bf5,Victor
0x558f5ab791a0,8,0x558f5aba8bfc,Vidovic
0x558f5ab791e0,8,0x558f5aba8c04,Vidovik
0x558f5ab79220,4,0x558f5aba8c0c,Vin
0x558f5ab79260,6,0x558f5aba8c10,Vince
0x558f5ab792a0,8,0x558f5aba8c16,Vincent
0x558f5ab792e0,9,0x558f5aba8c1e,Vincents
0x558f5ab79320,9,0x558f5aba8c27,Vincenty
0x558f5ab79360,8,0x558f5aba8c30,Vincenz
0x558f5ab793a0,7,0x558f5aba8c38,Vinnie
0x558f5ab793e0,6,0x558f5aba8c3f,Vinny
0x558f5ab79420,7,0x558f5aba8c45,Vinson
0x558f5ab79460,6,0x558f5aba8c4c,Virge
0x558f5ab794a0,7,0x558f5aba8c52,Virgie
0x558f5ab794e0,7,0x558f5aba8c59,Virgil
0x558f5ab79520,9,0x558f5aba8c60,Virgilio
0x558f5ab79560,5,0x558f5aba8c69,Vite
0x558f5ab795a0,5,0x558f5aba8c6e,Vito
0x558f5ab795e0,9,0x558f5aba8c73,Vittorio
0x558f5ab79620,5,0x558f5aba8c7c,Vlad
0x558f5ab79660,9,0x558f5aba8c81,Vladamir
0x558f5ab796a0,9,0x558f5aba8c8a,Vladimir
0x558f5ab796e0,4,0x558f5aba8c93,Von
0x558f5ab79720,5,0x558f5aba8c97,Wade
0x558f5ab79760,10,0x558f5aba8c9c,Wadsworth
0x558f5ab797a0,5,0x558f5aba8ca6,Wain
0x558f5ab797e0,11,0x558f5aba8cab,Wainwright
0x558f5ab79820,5,0x558f5aba8cb6,Wait
0x558f5ab79860,6,0x558f5aba8cbb,Waite
0x558f5ab798a0,7,0x558f5aba8cc1,Waiter
0x558f5ab798e0,5,0x558f5aba8cc8,Wake
0x558f5ab79920,10,0x558f5aba8ccd,Wakefield
0x558f5ab79960,5,0x558f5aba8cd7,Wald
0x558f5ab799a0,9,0x558f5aba8cdc,Waldemar
0x558f5ab799e0,7,0x558f5aba8ce5,Walden
0x558f5ab79a20,6,0x558f5aba8cec,Waldo
0x558f5ab79a60,7,0x558f5aba8cf2,Waldon
0x558f5ab79aa0,7,0x558f5aba8cf9,Walker
0x558f5ab79ae0,8,0x558f5aba8d00,Wallace
0x558f5ab79b20,9,0x558f5aba8d08,Wallache
0x558f5ab79b60,7,0x558f5aba8d11,Wallas
0x558f5ab79ba0,7,0x558f5aba8d18,Wallie
0x558f5ab79be0,7,0x558f5aba8d1f,Wallis
0x558f5ab79c20,6,0x558f5aba8d26,Wally
0x558f5ab79c60,6,0x558f5aba8d2c,Walsh
0x558f5ab79ca0,5,0x558f5aba8d32,Walt
0x558f5ab79ce0,8,0x558f5aba8d37,Walther
0x558f5ab79d20,7,0x558f5aba8d3f,Walton
0x558f5ab79d60,5,0x558f5aba8d46,Wang
0x558f5ab79da0,5,0x558f5aba8d4b,Ward
0x558f5ab79de0,6,0x558f5aba8d50,Warde
0x558f5ab79e20,7,0x558f5aba8d56,Warden
0x558f5ab79e60,5,0x558f5aba8d5d,Ware
0x558f5ab79ea0,7,0x558f5aba8d62,Waring
0x558f5ab79ee0,7,0x558f5aba8d69,Warner
0x558f5ab79f20,7,0x558f5aba8d70,Warren
0x558f5ab79f60,5,0x558f5aba8d77,Wash
0x558f5ab79fa0,11,0x558f5aba8d7c,Washington
0x558f5ab79fe0,4,0x558f5aba8d87,Wat
0x558f5ab7a020,9,0x558f5aba8d8b,Waverley
0x558f5ab7a060,8,0x558f5aba8d94,Waverly
0x558f5ab7a0a0,4,0x558f5aba8d9c,Way
0x558f5ab7a0e0,7,0x558f5aba8da0,Waylan
0x558f5ab7a120,8,0x558f5aba8da7,Wayland
0x558f5ab7a160,7,0x558f5aba8daf,Waylen
0x558f5ab7a1a0,7,0x558f5aba8db6,Waylin
0x558f5ab7a1e0,7,0x558f5aba8dbd,Waylon
0x558f5ab7a220,6,0x558f5aba8dc4,Wayne
0x558f5ab7a260,4,0x558f5aba8dca,Web
0x558f5ab7a2a0,5,0x558f5aba8dce,Webb
0x558f5ab7a2e0,6,0x558f5aba8dd3,Weber
0x558f5ab7a320,8,0x558f5aba8dd9,Webster
0x558f5ab7a360,7,0x558f5aba8de1,Weidar
0x558f5ab7a3a0,7,0x558f5aba8de8,Weider
0x558f5ab7a3e0,7,0x558f5aba8def,Welbie
0x558f5ab7a420,6,0x558f5aba8df6,Welby
0x558f5ab7a460,6,0x558f5aba8dfc,Welch
0x558f5ab7a4a0,6,0x558f5aba8e02,Wells
0x558f5ab7a4e0,6,0x558f5aba8e08,Welsh
0x558f5ab7a520,8,0x558f5aba8e0e,Wendall
0x558f5ab7a560,7,0x558f5aba8e16,Wendel
0x558f5ab7a5a0,8,0x558f5aba8e1d,Wendell
0x558f5ab7a5e0,7,0x558f5aba8e25,Werner
0x558f5ab7a620,8,0x558f5aba8e2c,Wernher
0x558f5ab7a660,4,0x558f5aba8e34,Wes
0x558f5ab7a6a0,7,0x558f5aba8e38,Wesley
0x558f5ab7a6e0,5,0x558f5aba8e3f,West
0x558f5ab7a720,10,0x558f5aba8e44,Westbrook
0x558f5ab7a760,11,0x558f5aba8e4e,Westbrooke
0x558f5ab7a7a0,10,0x558f5aba8e59,Westleigh
0x558f5ab7a7e0,8,0x558f5aba8e63,Westley
0x558f5ab7a820,7,0x558f5aba8e6b,Weston
0x558f5ab7a860,7,0x558f5aba8e72,Weylin
0x558f5ab7a8a0,8,0x558f5aba8e79,Wheeler
0x558f5ab7a8e0,5,0x558f5aba8e81,Whit
0x558f5ab7a920,9,0x558f5aba8e86,Whitaker
0x558f5ab7a960,7,0x558f5aba8e8f,Whitby
0x558f5ab7a9a0,8,0x558f5aba8e96,Whitman
0x558f5ab7a9e0,8,0x558f5aba8e9e,Whitney
0x558f5ab7aa20,10,0x558f5aba8ea6,Whittaker
0x558f5ab7aa60,6,0x558f5aba8eb0,Wiatt
0x558f5ab7aaa0,8,0x558f5aba8eb6,Wilbert
0x558f5ab7aae0,7,0x558f5aba8ebe,Wilbur
0x558f5ab7ab20,8,0x558f5aba8ec5,Wilburt
0x558f5ab7ab60,7,0x558f5aba8ecd,Wilden
0x558f5ab7aba0,7,0x558f5aba8ed4,Wildon
0x558f5ab7abe0,6,0x558f5aba8edb,Wilek
0x558f5ab7ac20,6,0x558f5aba8ee1,Wiley
0x558f5ab7ac60,8,0x558f5aba8ee7,Wilfred
0x558f5ab7aca0,8,0x558f5aba8eef,Wilfrid
0x558f5ab7ace0,8,0x558f5aba8ef7,Wilhelm
0x558f5ab7ad20,5,0x558f5aba8eff,Will
0x558f5ab7ad60,8,0x558f5aba8f04,Willard
0x558f5ab7ada0,8,0x558f5aba8f0c,Willdon
0x558f5ab7ade0,7,0x558f5aba8f14,Willem
0x558f5ab7ae20,7,0x558f5aba8f1b,Willey
0x558f5ab7ae60,6,0x558f5aba8f22,Willi
0x558f5ab7aea0,8,0x558f5aba8f28,William
0x558f5ab7aee0,7,0x558f5aba8f30,Willie
0x558f5ab7af20,7,0x558f5aba8f37,Willis
0x558f5ab7af60,6,0x558f5aba8f3e,Willy
0x558f5ab7afa0,7,0x558f5aba8f44,Wilmar
0x558f5ab7afe0,7,0x558f5aba8f4b,Wilmer
0x558f5ab7b020,5,0x558f5aba8f52,Wilt
0x558f5ab7b060,7,0x558f5aba8f57,Wilton
0x558f5ab7b0a0,4,0x558f5aba8f5e,Win
0x558f5ab7b0e0,8,0x558f5aba8f62,Windham
0x558f5ab7b120,9,0x558f5aba8f6a,Winfield
0x558f5ab7b160,8,0x558f5aba8f73,Winfred
0x558f5ab7b1a0,10,0x558f5aba8f7b,Winifield
0x558f5ab7b1e0,5,0x558f5aba8f85,Winn
0x558f5ab7b220,7,0x558f5aba8f8a,Winnie
0x558f5ab7b260,6,0x558f5aba8f91,Winny
0x558f5ab7b2a0,8,0x558f5aba8f97,Winslow
0x558f5ab7b2e0,8,0x558f5aba8f9f,Winston
0x558f5ab7b320,9,0x558f5aba8fa7,Winthrop
0x558f5ab7b360,4,0x558f5aba8fb0,Wit
0x558f5ab7b3a0,7,0x558f5aba8fb4,Wittie
0x558f5ab7b3e0,6,0x558f5aba8fbb,Witty
0x558f5ab7b420,5,0x558f5aba8fc1,Wolf
0x558f5ab7b460,9,0x558f5aba8fc6,Wolfgang
0x558f5ab7b4a0,7,0x558f5aba8fcf,Wolfie
0x558f5ab7b4e0,6,0x558f5aba8fd6,Wolfy
0x558f5ab7b520,5,0x558f5aba8fdc,Wood
0x558f5ab7b560,7,0x558f5aba8fe1,Woodie
0x558f5ab7b5a0,8,0x558f5aba8fe8,Woodman
0x558f5ab7b5e0,8,0x558f5aba8ff0,Woodrow
0x558f5ab7b620,6,0x558f5aba8ff8,Woody
0x558f5ab7b660,7,0x558f5aba8ffe,Worden
0x558f5ab7b6a0,6,0x558f5aba9005,Worth
0x558f5ab7b6e0,12,0x558f5aba900b,Worthington
0x558f5ab7b720,7,0x558f5aba9017,Worthy
0x558f5ab7b760,7,0x558f5aba901e,Wright
0x558f5ab7b7a0,7,0x558f5aba9025,Wyatan
0x558f5ab7b7e0,6,0x558f5aba902c,Wyatt
0x558f5ab7b820,4,0x558f5aba9032,Wye
0x558f5ab7b860,6,0x558f5aba9036,Wylie
0x558f5ab7b8a0,4,0x558f5aba903c,Wyn
0x558f5ab7b8e0,8,0x558f5aba9040,Wyndham
0x558f5ab7b920,5,0x558f5aba9048,Wynn
0x558f5ab7b960,7,0x558f5aba904d,Xavier
0x558f5ab7b9a0,6,0x558f5aba9054,Xenos
0x558f5ab7b9e0,7,0x558f5aba905a,Xerxes
0x558f5ab7ba20,6,0x558f5aba9061,Xever
0x558f5ab7ba60,8,0x558f5aba9067,Ximenes
0x558f5ab7baa0,8,0x558f5aba906f,Ximenez
0x558f5ab7bae0,8,0x558f5aba9077,Xymenes
0x558f5ab7bb20,5,0x558f5aba907f,Yale
0x558f5ab7bb60,8,0x558f5aba9084,Yanaton
0x558f5ab7bba0,6,0x558f5aba908c,Yance
0x558f5ab7bbe0,7,0x558f5aba9092,Yancey
0x558f5ab7bc20,6,0x558f5aba9099,Yancy
0x558f5ab7bc60,5,0x558f5aba909f,Yank
0x558f5ab7bca0,7,0x558f5aba90a4,Yankee
0x558f5ab7bce0,5,0x558f5aba90ab,Yard
0x558f5ab7bd20,8,0x558f5aba90b0,Yardley
0x558f5ab7bd60,7,0x558f5aba90b8,Yehudi
0x558f5ab7bda0,8,0x558f5aba90bf,Yehudit
0x558f5ab7bde0,6,0x558f5aba90c7,Yorgo
0x558f5ab7be20,7,0x558f5aba90cd,Yorgos
0x558f5ab7be60,5,0x558f5aba90d4,York
0x558f5ab7bea0,6,0x558f5aba90d9,Yorke
0x558f5ab7bee0,7,0x558f5aba90df,Yorker
0x558f5ab7bf20,4,0x558f5aba90e6,Yul
0x558f5ab7bf60,5,0x558f5aba90ea,Yule
0x558f5ab7bfa0,6,0x558f5aba90ef,Yulma
0x558f5ab7bfe0,5,0x558f5aba90f5,Yuma
0x558f5ab7c020,5,0x558f5aba90fa,Yuri
0x558f5ab7c060,6,0x558f5aba90ff,Yurik
0x558f5ab7c0a0,5,0x558f5aba9105,Yves
0x558f5ab7c0e0,5,0x558f5aba910a,Yvon
0x558f5ab7c120,5,0x558f5aba910f,Yvor
0x558f5ab7c160,9,0x558f5aba9114,Zaccaria
0x558f5ab7c1a0,5,0x558f5aba911d,Zach
0x558f5ab7c1e0,9,0x558f5aba9122,Zacharia
0x558f5ab7c220,10,0x558f5aba912b,Zachariah
0x558f5ab7c260,10,0x558f5aba9135,Zacharias
0x558f5ab7c2a0,9,0x558f5aba913f,Zacharie
0x558f5ab7c2e0,8,0x558f5aba9148,Zachary
0x558f5ab7c320,9,0x558f5aba9150,Zacherie
0x558f5ab7c360,8,0x558f5aba9159,Zachery
0x558f5ab7c3a0,5,0x558f5aba9161,Zack
0x558f5ab7c3e0,10,0x558f5aba9166,Zackariah
0x558f5ab7c420,4,0x558f5aba9170,Zak
0x558f5ab7c460,5,0x558f5aba9174,Zane
0x558f5ab7c4a0,6,0x558f5aba9179,Zared
0x558f5ab7c4e0,4,0x558f5aba917f,Zeb
0x558f5ab7c520,9,0x558f5aba9183,Zebadiah
0x558f5ab7c560,8,0x558f5aba918c,Zebedee
0x558f5ab7c5a0,8,0x558f5aba9194,Zebulen
0x558f5ab7c5e0,8,0x558f5aba919c,Zebulon
0x558f5ab7c620,10,0x558f5aba91a4,Zechariah
0x558f5ab7c660,4,0x558f5aba91ae,Zed
0x558f5ab7c6a0,9,0x558f5aba91b2,Zedekiah
0x558f5ab7c6e0,5,0x558f5aba91bb,Zeke
0x558f5ab7c720,6,0x558f5aba91c0,Zelig
0x558f5ab7c760,5,0x558f5aba91c6,Zerk
0x558f5ab7c7a0,7,0x558f5aba91cb,Zollie
0x558f5ab7c7e0,6,0x558f5aba91d2,Zolly
