Data Source File,_data/middle-names.txt
Memory Manager Type,Best Fit
Total Memory Allocated by sbrk (bytes),16625
Size of freedMBList,1617
Size of allocMBList,930
Number of Times Blocks were Split,704
Number of Times Blocks were Merged,587
freedMBList:
Memory Block Address,Size,Content Starting Address,Contents
0x5589170b6b50,1
0x5589170fa060,2
0x558917102ce0,1
0x5589171030c0,2
0x558917103420,1
0x5589171037a0,2
0x558917103880,1
0x558917103940,2
0x558917103b40,1
0x558917103ba0,2
0x558917103d40,2
0x5589171040c0,2
0x5589171042a0,1
0x558917104440,1
0x558917104560,2
0x5589171046e0,1
0x558917104940,1
0x558917105ce0,1
0x558917105bc0,2
0x558917105e40,2
0x5589171061a0,1
0x5589171063a0,2
0x558917106a20,2
0x558917106c60,1
0x5589171013e0,1
0x5589170f92c0,6,0x5589170b61d0,Rikki
0x5589170fb4c0,7,0x5589170b6250,Dwight
0x5589170f9d00,5,0x5589170b6290,Jose
0x5589171005c0,5,0x5589170b6490,Edik
0x5589170ffd00,4,0x5589170b64d0,Dru
0x5589170fe4c0,9,0x5589170b6590,Kendrick
0x5589170f6a80,5,0x5589170b66d0,Dolf
0x5589170f9f00,6,0x5589170b6950,Doyle
0x5589170b68b0,5,0x5589170b6ad0,Reid
0x5589170bfc00,5,0x5589170b6b10,Kile
0x5589170ba2a0,7,0x5589170b6c50,Kellby
0x5589170f5840,8,0x5589170b6d90,Joshuah
0x5589170f9e40,6,0x5589170b6fd0,Dougy
0x5589170f9e80,6,0x5589170b7110,Riley
0x5589170fee40,7,0x5589170b7210,Elston
0x5589170f95c0,9,0x5589170b7250,Ebenezer
0x5589170f8f80,7,0x5589170b72d0,Joshia
0x5589170f69c0,8,0x5589170b7310,Karlens
0x5589170ba460,6,0x5589170b7350,Kermy
0x5589170bd760,5,0x5589170b73d0,Kerk
0x5589170beee0,7,0x5589170b7450,Royall
0x5589171003c0,7,0x5589170b7610,Edgard
0x5589170b6210,2
0x5589170fec00,9,0x5589170b7710,Eldridge
0x5589170f5800,7,0x5589170b7790,Dmitri
0x5589170f62c0,4,0x5589170b7890,Don
0x5589170f7f80,9,0x5589170b78d0,Dominick
0x5589170fa4c0,5,0x5589170b7910,Drew
0x5589170f9340,8,0x5589170b7950,Donavon
0x5589171016c0,7,0x5589170b7a50,Elwood
0x5589171025c0,8,0x5589170b7c10,Kingsly
0x5589170fa0c0,3,0x5589170b7c50,Eb
0x5589170bca20,8,0x5589170b7f90,Rogerio
0x558917102300,7,0x5589170b8050,Roddie
0x5589170f9440,10,0x5589170b83c0,Frederick
0x558917106fc0,10,0x5589170b8420,Frederico
0x5589170fb800,10,0x5589170b8480,Frederigo
0x5589170b8440,9,0x5589170b84e0,Frederik
0x558917106f60,8,0x5589170b8500,Fredric
0x5589170b84a0,9,0x5589170b8520,Fredrick
0x558917106ea0,5,0x5589170b8540,Free
0x5589170b76f0,9,0x5589170b85a0,Freedman
0x5589170b8560,9,0x5589170b8600,Freeland
0x5589170b83e0,8,0x5589170b8620,Freeman
0x5589170b85c0,8,0x5589170b8680,Freemon
0x558917101e80,8,0x5589170b86e0,Fremont
0x5589170b86a0,10,0x5589170b8740,Friedrich
0x5589170b8700,10,0x5589170b87a0,Friedrick
0x558917106d80,6,0x5589170b87c0,Fritz
0x5589170f50c0,7,0x5589170b8820,Fulton
0x5589170b87e0,7,0x5589170b8880,Gabbie
0x5589170b8840,6,0x5589170b88e0,Gabby
0x5589170b88a0,5,0x5589170b8940,Gabe
0x5589170b8900,5,0x5589170b89a0,Gabi
0x5589170f60c0,6,0x5589170b8a00,Gabie
0x5589170b89c0,8,0x5589170b8a60,Gabriel
0x5589170b8a20,9,0x5589170b8ac0,Gabriele
0x5589170fac80,10,0x5589170b8b20,Gabriello
0x5589170b8a80,5,0x5589170b8b80,Gaby
0x5589170b8ae0,5,0x5589170b8be0,Gael
0x5589170b8ba0,7,0x5589170b8c40,Gaelan
0x5589170b8c00,5,0x5589170b8ca0,Gage
0x5589170ffe80,5,0x5589170b8d00,Gail
0x5589170b8cc0,6,0x5589170b8d60,Gaile
0x558917104180,4,0x5589170b8d80,Gal
0x5589170b8d20,5,0x5589170b8de0,Gale
0x5589170b8da0,6,0x5589170b8e40,Galen
0x5589170b8e00,10,0x5589170b8e60,Gallagher
0x5589170f9140,8,0x5589170b8ec0,Gallard
0x5589170b8e80,7,0x5589170b8f20,Galvan
0x5589170b8ee0,7,0x5589170b8f80,Galven
0x5589170b8f40,7,0x5589170b8fe0,Galvin
0x5589170fdfc0,9,0x5589170b9040,Gamaliel
0x5589171045c0,4,0x5589170b9060,Gan
0x5589170b9000,7,0x5589170b90c0,Gannie
0x5589170b9080,7,0x5589170b9120,Gannon
0x5589170b8fa0,6,0x5589170b9140,Ganny
0x5589171047a0,4,0x5589170b9160,Gar
0x5589170b90e0,7,0x5589170b91c0,Garald
0x5589170b9180,5,0x5589170b91e0,Gard
0x5589170f52c0,9,0x5589170b9240,Gardener
0x5589170b9200,7,0x5589170b92a0,Gardie
0x5589170b9260,9,0x5589170b9300,Gardiner
0x5589170b92c0,8,0x5589170b9360,Gardner
0x5589170f85c0,6,0x5589170b93c0,Gardy
0x5589170b9380,5,0x5589170b9420,Gare
0x5589170b93e0,6,0x5589170b9480,Garek
0x5589170b9440,7,0x5589170b94e0,Gareth
0x5589170b94a0,6,0x5589170b9540,Garey
0x5589170fa300,9,0x5589170b95a0,Garfield
0x5589170b9500,6,0x5589170b95c0,Garik
0x5589170b9560,7,0x5589170b9620,Garner
0x5589170b95e0,7,0x5589170b9680,Garold
0x5589170b9640,8,0x5589170b96e0,Garrard
0x5589170b96a0,7,0x5589170b9740,Garrek
0x5589170f63c0,7,0x5589170b97a0,Garret
0x5589170b9760,8,0x5589170b9800,Garreth
0x5589170b97c0,8,0x5589170b9860,Garrett
0x5589170b9820,8,0x5589170b98c0,Garrick
0x5589170b9880,7,0x5589170b9920,Garrik
0x5589170f9880,7,0x5589170b9980,Garrot
0x5589170b9940,8,0x5589170b99e0,Garrott
0x5589170b99a0,6,0x5589170b9a40,Garry
0x5589170b9a00,6,0x5589170b9aa0,Garth
0x5589170b9a60,5,0x5589170b9b00,Garv
0x5589170b9ac0,7,0x5589170b9b60,Garvey
0x5589170fbe40,7,0x5589170b9bc0,Garvin
0x5589170b9b80,6,0x5589170b9c20,Garvy
0x5589170b9be0,7,0x5589170b9c80,Garwin
0x5589170b9c40,8,0x5589170b9ce0,Garwood
0x5589170b9ca0,5,0x5589170b9d40,Gary
0x5589170b9d00,7,0x5589170b9da0,Gaspar
0x5589170ff5c0,8,0x5589170b9e00,Gaspard
0x5589170b9dc0,8,0x5589170b9e60,Gasparo
0x5589170b9e20,7,0x5589170b9ec0,Gasper
0x5589170b9e80,7,0x5589170b9f20,Gaston
0x5589170b9ee0,10,0x5589170b9f80,Gaultiero
0x5589170b7830,9,0x5589170b9fe0,Gauthier
0x558917104a00,4,0x5589170ba000,Gav
0x5589170b9fa0,6,0x5589170ba060,Gavan
0x5589170ba020,6,0x5589170ba0c0,Gaven
0x5589170ba080,6,0x5589170ba120,Gavin
0x5589170ba0e0,7,0x5589170ba180,Gawain
0x5589170ba140,6,0x5589170ba1e0,Gawen
0x558917104d40,4,0x5589170ba200,Gay
0x5589170ba1a0,9,0x5589170ba260,Gayelord
0x5589170ba220,6,0x5589170ba280,Gayle
0x5589170b6370,7,0x5589170ba2c0,Jessie
0x5589170fcc80,7,0x5589170ba380,Justen
0x5589170fe080,8,0x5589170ba4c0,Rickard
0x5589170c1780,7,0x5589170ba540,Kipper
0x5589170c09c0,7,0x5589170ba580,Kinnie
0x5589170bd660,7,0x5589170ba6c0,Kermie
0x5589170bb1e0,5,0x5589170ba800,Kent
0x5589170fd180,8,0x5589170ba880,Kennedy
0x5589170bd960,7,0x5589170ba9c0,Kermit
0x5589170f5500,8,0x5589170baac0,Johnnie
0x5589170c13c0,4,0x5589170bab00,Kit
0x5589170f66c0,5,0x5589170bac40,Joel
0x5589170bb5a0,6,0x5589170bacc0,Kevan
0x558917104e00,4,0x5589170bad60,Gib
0x5589170fed00,4,0x5589170bade0,Rip
0x5589171021c0,6,0x5589170bae60,Kenon
0x5589170c0880,7,0x5589170baea0,Kimble
0x558917100240,7,0x5589170bafe0,Karlik
0x558917104f20,4,0x5589170bb000,Gil
0x558917102100,7,0x5589170bb100,Keelby
0x558917100f40,7,0x5589170bb140,Kaspar
0x5589170bc2e0,6,0x5589170bb300,Kevin
0x5589170fe140,7,0x5589170bb3c0,Justis
0x5589170bcb60,7,0x5589170bb440,Kennan
0x5589170bd560,7,0x5589170bb480,Rooney
0x5589170fecc0,6,0x5589170bb4c0,Keefe
0x5589170f6fc0,5,0x5589170bb540,John
0x5589170fa100,4,0x5589170bb5c0,Ken
0x5589170bd060,7,0x5589170bb640,Ronald
0x5589170ff4c0,8,0x5589170bb6c0,Riobard
0x5589170ba980,1
0x5589170c0f40,5,0x5589170bb8c0,Kirk
0x5589170bbae0,8,0x5589170bba40,Rodrigo
0x5589170f9a00,6,0x5589170bba80,Kaine
0x5589170c1a40,4,0x5589170bbb80,Rog
0x558917102440,6,0x5589170bbbc0,Kerby
0x5589170f77c0,6,0x5589170bbd40,Jozef
0x5589170bfc60,8,0x5589170bbe00,Rowland
0x5589170ff7c0,7,0x5589170bbec0,Kaiser
0x5589170fb1c0,6,0x5589170bbfc0,Robby
0x5589170fd200,4,0x5589170bc080,Kin
0x5589170bffc0,7,0x5589170bc1c0,Killie
0x5589170f6c80,6,0x5589170bc200,Richy
0x5589170f55c0,8,0x5589170bc240,Joseito
0x5589170fbb00,6,0x5589170bc3c0,Rodge
0x5589170f6bc0,5,0x5589170bc440,Joey
0x5589170ba7a0,8,0x5589170bc640,Robinet
0x558917105260,4,0x5589170bc6e0,Gun
0x5589170f65c0,5,0x5589170bc760,Jody
0x5589170fea00,6,0x5589170bc7a0,Keary
0x5589170beda0,6,0x5589170bc820,Kirby
0x558917105740,4,0x5589170bc840,Gus
0x5589170f8140,7,0x5589170bc940,Joseph
0x5589170c1cc0,7,0x5589170bc980,Kippie
0x5589170f6280,7,0x5589170bc9c0,Jordon
0x558917100880,7,0x5589170bca00,Karoly
0x558917105f60,4,0x5589170bcaa0,Guy
0x558917106600,4,0x5589170bcac0,Had
0x5589170ff6c0,5,0x5589170bcb00,Ross
0x5589170bef20,6,0x5589170bcd40,Klaus
0x5589171001e0,4,0x5589170bcd60,Hal
0x5589170fb560,4,0x5589170bcf40,Ham
0x5589171024c0,7,0x5589170bcfc0,Keenan
0x5589170f8c00,4,0x5589170bd0c0,Jud
0x5589170bcfa0,6,0x5589170bd280,Kiley
0x5589170fa880,7,0x5589170bd3c0,Josias
0x5589170f6a40,6,0x5589170bd4c0,Jonas
0x5589170fe980,7,0x5589170bd500,Robers
0x5589170b7f70,8,0x5589170bd6c0,Reinold
0x5589170fca00,7,0x5589170bd880,Julius
0x5589170f8dc0,9,0x5589170bd980,Johannes
0x5589170fec40,4,0x5589170bd9c0,Ron
0x558917100200,10,0x5589170bda40,Roosevelt
0x5589170f6940,6,0x5589170bdac0,Jonah
0x558917101cc0,7,0x5589170bdbc0,Rockie
0x5589170be620,6,0x5589170bde40,Kinny
0x5589170f93c0,6,0x5589170bdf40,Julio
0x5589170bbd20,6,0x5589170be1c0,Keven
0x5589170be320,7,0x5589170be200,Khalil
0x5589170fff80,7,0x5589170be2c0,Karlan
0x5589170bbfa0,9,0x5589170be440,Richmond
0x5589170fe300,6,0x5589170be480,Keane
0x5589170f7880,6,0x5589170be540,Judah
0x5589170b7bf0,7,0x5589170be640,Jimmie
0x5589170f8100,7,0x5589170be680,Reuven
0x5589171002a0,4,0x5589170be6a0,Hew
0x5589170f68c0,7,0x5589170be7e0,Reilly
0x558917103e00,3,0x5589170be840,Hi
0x5589170bdbe0,6,0x5589170be880,Killy
0x5589170beea0,7,0x5589170be8c0,Kilian
0x5589170f7ac0,7,0x5589170be900,Reuben
0x558917100740,6,0x5589170beb00,Kelby
0x5589170f7900,7,0x5589170beb80,Renaud
0x5589170b7d30,4,0x5589170becc0,Job
0x5589170ffd40,7,0x5589170bedc0,Kareem
0x5589170fdd40,9,0x5589170bef00,Reinhold
0x5589170be780,6,0x5589170befc0,Kippy
0x5589170be0e0,5,0x5589170bf100,Kerr
0x558917101300,5,0x5589170bf200,Keir
0x5589171006c0,7,0x5589170bf240,Karney
0x5589170fd340,7,0x5589170bf2c0,Justin
0x5589170bbea0,7,0x5589170bf3c0,Kelwin
0x5589170ff240,7,0x5589170bf440,Justus
0x5589170cd7a0,4,0x5589170bf4c0,Roi
0x5589170fefc0,8,0x5589170bf540,Rinaldo
0x5589170b6270,5,0x5589170bf5c0,Jeth
0x5589170b70f0,6,0x5589170bf880,Regen
0x5589170bc120,9,0x5589170bf900,Ricoriki
0x5589170fee00,4,0x5589170bf940,Rob
0x5589170fbd40,4,0x5589170bf9c0,Ker
0x558917104ba0,3,0x5589170bfae0,Hy
0x5589170bd5e0,7,0x5589170bfba0,Kenyon
0x5589170b7a70,7,0x5589170bfbe0,Reggie
0x558917100720,4,0x5589170bfc40,Ian
0x558917102580,8,0x5589170bfc80,Robbert
0x5589170c1140,6,0x5589170bfd00,Kleon
0x558917100400,7,0x5589170bfd40,Karlis
0x5589170bed20,7,0x5589170bfd80,Kienan
0x5589170f9680,9,0x5589170bfe00,Jonathon
0x5589170fa140,7,0x5589170bff00,Rickey
0x5589170f85e0,4,0x5589170bff20,Ike
0x5589170fb440,5,0x5589170bff60,Jule
0x5589170f6cc0,4,0x5589170bffe0,Joe
0x558917101280,6,0x5589170c01a0,Kenny
0x5589170be660,7,0x5589170c01e0,Rouvin
0x5589170f7e00,4,0x5589170c0260,Jon
0x5589170f7780,8,0x5589170c03e0,Renaldo
0x558917101000,6,0x5589170c0460,Kelly
0x5589170f6f60,4,0x5589170c0480,Ira
0x5589170b8c60,4,0x5589170c04a0,Irv
0x5589170bc1e0,9,0x5589170c0520,Robinson
0x5589170b6af0,4,0x5589170c05a0,Jim
0x5589170f5c00,7,0x5589170c05e0,Johann
0x5589171011c0,6,0x5589170c0760,Rolph
0x5589170f9e00,5,0x5589170c08a0,Josh
0x5589170f82c0,6,0x5589170c0920,Judon
0x5589170f7500,10,0x5589170c09a0,Reinaldos
0x5589170f7e80,8,0x5589170c0ae0,Renault
0x5589170b6570,10,0x5589170c0c60,Johnathan
0x5589170f87c0,6,0x5589170c0ce0,Jules
0x5589170bdf20,8,0x5589170c0ea0,Kliment
0x5589170ba720,7,0x5589170c0f60,Kellen
0x5589170ba660,7,0x5589170c1120,Rodney
0x5589170fc240,6,0x5589170c1160,Karim
0x5589170f5780,6,0x5589170c1260,Jodie
0x5589170b7530,5,0x5589170c1620,Rene
0x5589170fa6c0,5,0x5589170c16a0,Judd
0x5589170fd040,4,0x5589170c17a0,Kim
0x5589170c06c0,4,0x5589170c1860,Kip
0x5589170b7470,6,0x5589170c1a20,Jocko
0x5589170f9d80,6,0x5589170c1ba0,Kaleb
0x5589170fe780,8,0x5589170c1ca0,Rickert
0x5589170fe7c0,10,0x5589170c1ce0,Justinian
0x5589170f9b00,9,0x5589170c1da0,Reinaldo
0x5589170fae40,5,0x5589170c2060,Jude
0x5589170fdb00,5,0x5589170c2260,Kane
0x5589170ba360,8,0x5589170c2420,Kinsley
0x5589170c1a00,5,0x5589170c24e0,Knox
0x558917100100,9,0x5589170c2500,Koenraad
0x5589170c1e80,7,0x5589170c2520,Konrad
0x5589170b79b0,11,0x5589170c2540,Konstantin
0x5589170fde80,12,0x5589170c2560,Konstantine
0x5589170c2240,6,0x5589170c25c0,Korey
0x5589170bee20,5,0x5589170c2620,Kort
0x5589170c0900,5,0x5589170c2680,Kory
0x5589170c1240,5,0x5589170c26e0,Kris
0x5589170baba0,7,0x5589170c2740,Krisha
0x5589170bbf60,8,0x5589170c27a0,Krishna
0x5589170bd020,9,0x5589170c27c0,Krishnah
0x5589170bd6e0,8,0x5589170c2820,Krispin
0x5589170bd7e0,9,0x5589170c2840,Kristian
0x5589170bf160,7,0x5589170c28a0,Kristo
0x5589170bc660,10,0x5589170c28c0,Kristofer
0x5589170b7eb0,11,0x5589170c28e0,Kristoffer
0x5589170bf360,10,0x5589170c2900,Kristofor
0x5589170f81c0,11,0x5589170c2920,Kristoforo
0x5589170f8700,11,0x5589170c2940,Kristopher
0x5589170bf5a0,8,0x5589170c29a0,Kristos
0x5589170bf7a0,5,0x5589170c2a00,Kurt
0x5589170c2100,7,0x5589170c2a60,Kurtis
0x558917106900,3,0x5589170c2a80,Ky
0x5589170c00c0,5,0x5589170c2ae0,Kyle
0x5589170fdf80,6,0x5589170c2b40,Kylie
0x5589170be1a0,6,0x5589170c2ba0,Laird
0x5589170c2b60,5,0x5589170c2bc0,Lalo
0x5589170be6c0,6,0x5589170c2c20,Lamar
0x5589170c1800,8,0x5589170c2c80,Lambert
0x5589170fed80,8,0x5589170c2ce0,Lammond
0x558917101080,7,0x5589170c2d40,Lamond
0x558917101880,7,0x5589170c2da0,Lamont
0x558917102280,6,0x5589170c2e00,Lance
0x5589170bae40,9,0x5589170c2e60,Lancelot
0x5589170c2d60,5,0x5589170c2e80,Land
0x5589170c2d00,5,0x5589170c2ea0,Lane
0x5589170c2dc0,6,0x5589170c2ec0,Laney
0x5589170bcbe0,9,0x5589170c2f20,Langsdon
0x5589170be920,9,0x5589170c2f80,Langston
0x5589170bf1e0,6,0x5589170c2fe0,Lanie
0x5589170c1440,7,0x5589170c3040,Lannie
0x5589170c2fa0,6,0x5589170c3060,Lanny
0x5589170b6d30,6,0x5589170c30c0,Larry
0x5589170c3000,5,0x5589170c30e0,Lars
0x5589170f8580,9,0x5589170c3140,Laughton
0x5589170c3080,7,0x5589170c3160,Launce
0x5589170f8e40,7,0x5589170c31c0,Lauren
0x5589170fb900,9,0x5589170c3220,Laurence
0x5589170fbdc0,8,0x5589170c3280,Laurens
0x5589170fc480,8,0x5589170c32e0,Laurent
0x5589170fcb80,7,0x5589170c3340,Laurie
0x5589170ff400,8,0x5589170c33a0,Lauritz
0x5589170c31e0,4,0x5589170c33c0,Law
0x5589170ff900,9,0x5589170c3420,Lawrence
0x5589170c3300,6,0x5589170c3440,Lawry
0x5589170bf2a0,7,0x5589170c34a0,Lawton
0x5589170c33e0,4,0x5589170c34c0,Lay
0x5589170c18c0,7,0x5589170c3520,Layton
0x5589170c34e0,6,0x5589170c3540,Lazar
0x5589170c1f00,7,0x5589170c35a0,Lazare
0x5589170f5980,7,0x5589170c3600,Lazaro
0x5589170f79c0,8,0x5589170c3660,Lazarus
0x5589170c3100,4,0x5589170c3680,Lee
0x5589170fb200,8,0x5589170c36e0,Leeland
0x5589170c36a0,6,0x5589170c3700,Lefty
0x5589170fbb80,10,0x5589170c3760,Leicester
0x5589170c3360,5,0x5589170c3780,Leif
0x5589170c3620,6,0x5589170c37a0,Leigh
0x558917100340,9,0x5589170c3800,Leighton
0x5589170c3720,4,0x5589170c3820,Lek
0x5589170c35c0,7,0x5589170c3840,Leland
0x5589170c2ca0,4,0x5589170c3860,Lem
0x5589170c3560,6,0x5589170c3880,Lemar
0x558917100540,7,0x5589170c38e0,Lemmie
0x5589170c3460,6,0x5589170c3900,Lemmy
0x5589170c38a0,7,0x5589170c3920,Lemuel
0x558917101540,7,0x5589170c3980,Lenard
0x5589170c3180,6,0x5589170c39a0,Lenci
0x5589170bafc0,8,0x5589170c3a00,Lennard
0x5589170c3940,7,0x5589170c3a20,Lennie
0x5589170c29c0,4,0x5589170c3a40,Leo
0x5589170c37c0,5,0x5589170c3a60,Leon
0x5589170bdd60,8,0x5589170c3ac0,Leonard
0x5589170bdfe0,9,0x5589170c3b20,Leonardo
0x5589170bf420,8,0x5589170c3b80,Leonerd
0x5589170b7670,9,0x5589170c3be0,Leonhard
0x5589170f5a80,7,0x5589170c3c40,Leonid
0x5589170f7700,9,0x5589170c3ca0,Leonidas
0x5589170c3c00,8,0x5589170c3cc0,Leopold
0x5589170c3c60,6,0x5589170c3ce0,Leroi
0x5589170c3ba0,6,0x5589170c3d00,Leroy
0x5589170c3ae0,4,0x5589170c3d60,Les
0x5589170fcac0,7,0x5589170c3dc0,Lesley
0x5589170c3d80,7,0x5589170c3e20,Leslie
0x5589170fe5c0,7,0x5589170c3e80,Lester
0x5589170c3e40,8,0x5589170c3ea0,Leupold
0x5589170c32a0,4,0x5589170c3f00,Lev
0x5589170c3b40,6,0x5589170c3f20,Levey
0x5589170c3240,5,0x5589170c3f40,Levi
0x5589170c3a80,6,0x5589170c3f60,Levin
0x5589170c39c0,6,0x5589170c3f80,Levon
0x5589170c2be0,5,0x5589170c3fa0,Levy
0x5589170c2b00,4,0x5589170c4000,Lew
0x5589170bc160,6,0x5589170c4060,Lewes
0x5589170c4020,6,0x5589170c40c0,Lewie
0x5589170be9e0,7,0x5589170c4120,Lewiss
0x5589170c40e0,7,0x5589170c4180,Lezley
0x5589170c2aa0,5,0x5589170c41a0,Liam
0x5589170b7db0,5,0x5589170c4200,Lief
0x5589170c41c0,4,0x5589170c4260,Lin
0x5589170c4220,5,0x5589170c42c0,Linc
0x5589170f9540,8,0x5589170c4320,Lincoln
0x5589170c42e0,5,0x5589170c4380,Lind
0x5589170fa9c0,7,0x5589170c43e0,Lindon
0x5589170c43a0,8,0x5589170c4440,Lindsay
0x5589170faf80,8,0x5589170c44a0,Lindsey
0x5589170c4460,6,0x5589170c4500,Lindy
0x5589170fc8c0,5,0x5589170c4560,Link
0x5589170c4520,5,0x5589170c45c0,Linn
0x5589170bda60,7,0x5589170c4620,Linoel
0x5589170c4580,6,0x5589170c4640,Linus
0x5589170c45e0,5,0x5589170c46a0,Lion
0x5589170beaa0,7,0x5589170c4700,Lionel
0x5589170c46c0,9,0x5589170c4720,Lionello
0x5589170c0140,6,0x5589170c4780,Lisle
0x5589170c4740,10,0x5589170c47a0,Llewellyn
0x5589170b6bf0,6,0x5589170c4800,Lloyd
0x5589170c47c0,10,0x5589170c4860,Llywellyn
0x5589170b8170,5,0x5589170c48c0,Lock
0x5589170c4880,6,0x5589170c4920,Locke
0x5589170f7540,9,0x5589170c4980,Lockwood
0x5589170f8940,9,0x5589170c49e0,Lodovico
0x5589170c48e0,6,0x5589170c4a00,Logan
0x5589170c49a0,8,0x5589170c4a20,Lombard
0x5589170c4660,4,0x5589170c4a40,Lon
0x5589170c4940,8,0x5589170c4a60,Lonnard
0x5589170f83c0,7,0x5589170c4ac0,Lonnie
0x5589170c4a80,6,0x5589170c4b20,Lonny
0x5589170bc220,7,0x5589170c4b80,Lorant
0x5589170c4b40,6,0x5589170c4be0,Loren
0x5589170bcce0,7,0x5589170c4c40,Lorens
0x5589170c4c00,8,0x5589170c4ca0,Lorenzo
0x5589170be260,6,0x5589170c4d00,Lorin
0x5589170c4cc0,6,0x5589170c4d60,Lorne
0x5589170bfb00,7,0x5589170c4dc0,Lorrie
0x5589170c4d20,6,0x5589170c4de0,Lorry
0x5589170c4d80,9,0x5589170c4e40,Lothaire
0x5589170f8a80,9,0x5589170c4ea0,Lothario
0x5589170c4ba0,4,0x5589170c4f00,Lou
0x5589170c4e60,6,0x5589170c4f60,Louie
0x5589170be860,6,0x5589170c4fc0,Louis
0x5589170c4f80,7,0x5589170c5020,Lovell
0x5589170c4ae0,5,0x5589170c5040,Lowe
0x5589170bec20,7,0x5589170c50a0,Lowell
0x5589170c5060,9,0x5589170c5100,Lowrance
0x5589170c4f20,4,0x5589170c5120,Loy
0x5589170c0400,7,0x5589170c5180,Loydie
0x5589170c4fe0,5,0x5589170c51e0,Luca
0x5589170c5140,7,0x5589170c5240,Lucais
0x5589170c0e00,6,0x5589170c52a0,Lucas
0x5589170c5200,5,0x5589170c52c0,Luce
0x5589170c5260,6,0x5589170c5320,Lucho
0x5589170c52e0,7,0x5589170c5340,Lucian
0x5589170c0fc0,8,0x5589170c53a0,Luciano
0x5589170c5360,7,0x5589170c5400,Lucias
0x5589170c1640,7,0x5589170c5460,Lucien
0x5589170c5420,6,0x5589170c54c0,Lucio
0x5589170bb4a0,7,0x5589170c5520,Lucius
0x5589170c54e0,9,0x5589170c5580,Ludovico
0x5589170bc060,7,0x5589170c55e0,Ludvig
0x5589170c55a0,7,0x5589170c5640,Ludwig
0x5589170c5600,6,0x5589170c5660,Luigi
0x5589170c5480,5,0x5589170c56c0,Luis
0x5589170bdc60,6,0x5589170c5720,Lukas
0x5589170c56e0,5,0x5589170c5780,Luke
0x5589170c5740,7,0x5589170c57e0,Lutero
0x5589170c0240,7,0x5589170c5840,Luther
0x558917106b40,3,0x5589170c5860,Ly
0x5589170c5800,6,0x5589170c58c0,Lydon
0x5589170c5880,6,0x5589170c5920,Lyell
0x5589170c0540,5,0x5589170c5980,Lyle
0x5589170c5940,6,0x5589170c59e0,Lyman
0x5589170c5540,4,0x5589170c5a00,Lyn
0x5589170c59a0,5,0x5589170c5a60,Lynn
0x5589170c23c0,5,0x5589170c5ac0,Lyon
0x5589170c5a20,4,0x5589170c5ae0,Mac
0x5589170c5a80,5,0x5589170c5b40,Mace
0x5589170c5b00,5,0x5589170c5ba0,Mack
0x5589170f64c0,10,0x5589170c5c00,Mackenzie
0x5589170c5bc0,7,0x5589170c5c60,Maddie
0x5589170ba860,6,0x5589170c5cc0,Maddy
0x5589170c5c80,8,0x5589170c5d20,Madison
0x5589170c5ce0,7,0x5589170c5d40,Magnum
0x5589170bac20,8,0x5589170c5da0,Mahmoud
0x5589170c5d60,7,0x5589170c5e00,Mahmud
0x5589170c22c0,7,0x5589170c5e60,Maison
0x5589170c5b60,5,0x5589170c5e80,Maje
0x5589170c5dc0,6,0x5589170c5ea0,Major
0x5589170c5c20,4,0x5589170c5ec0,Mal
0x5589170c5e20,8,0x5589170c5f20,Malachi
0x5589170fd440,7,0x5589170c5f80,Malchy
0x5589170c5f40,8,0x5589170c5fe0,Malcolm
0x5589170bbba0,8,0x5589170c6040,Mallory
0x5589170c5fa0,7,0x5589170c6060,Malvin
0x5589170c53c0,4,0x5589170c6080,Man
0x5589170c6000,7,0x5589170c60e0,Mandel
0x5589170bd360,8,0x5589170c6140,Manfred
0x5589170c60a0,7,0x5589170c6160,Mannie
0x5589170c5ee0,6,0x5589170c6180,Manny
0x5589170c6100,5,0x5589170c61e0,Mano
0x5589170c61a0,7,0x5589170c6240,Manolo
0x5589170ba4e0,7,0x5589170c62a0,Manuel
0x5589170c6260,4,0x5589170c6300,Mar
0x5589170c62c0,5,0x5589170c6360,Marc
0x5589170c6320,7,0x5589170c6380,Marcel
0x5589170bd260,9,0x5589170c63e0,Marcello
0x5589170c63a0,10,0x5589170c6440,Marcellus
0x5589170bf060,8,0x5589170c64a0,Marcelo
0x5589170c6460,9,0x5589170c6500,Marchall
0x5589170c64c0,6,0x5589170c6520,Marco
0x5589170bf960,7,0x5589170c6580,Marcos
0x5589170c6540,7,0x5589170c65e0,Marcus
0x5589170c65a0,7,0x5589170c6640,Marijn
0x5589170c0c40,6,0x5589170c66a0,Mario
0x5589170c6660,7,0x5589170c6700,Marion
0x5589170c66c0,7,0x5589170c6760,Marius
0x5589170c1b40,5,0x5589170c67c0,Mark
0x5589170c6780,7,0x5589170c6820,Markos
0x5589170c67e0,7,0x5589170c6880,Markus
0x5589170f5640,7,0x5589170c68e0,Marlin
0x5589170c68a0,6,0x5589170c6940,Marlo
0x5589170c6900,7,0x5589170c69a0,Marlon
0x5589170bb260,7,0x5589170c6a00,Marlow
0x5589170c69c0,8,0x5589170c6a60,Marlowe
0x5589170bd860,10,0x5589170c6ac0,Marmaduke
0x5589170c6a20,6,0x5589170c6b20,Marsh
0x5589170c6a80,8,0x5589170c6b80,Marshal
0x5589170bf620,9,0x5589170c6be0,Marshall
0x5589170c6b40,5,0x5589170c6c40,Mart
0x5589170c6ba0,9,0x5589170c6ca0,Martainn
0x5589170bfde0,7,0x5589170c6d00,Marten
0x5589170c6cc0,7,0x5589170c6d60,Martie
0x5589170c6d20,7,0x5589170c6dc0,Martin
0x5589170c2000,8,0x5589170c6e20,Martino
0x5589170c6c60,6,0x5589170c6e40,Marty
0x5589170c6de0,7,0x5589170c6ea0,Martyn
0x5589170c6e60,5,0x5589170c6f00,Marv
0x5589170b72b0,6,0x5589170c6f60,Marve
0x5589170c6f20,7,0x5589170c6fc0,Marven
0x5589170c6f80,7,0x5589170c7020,Marvin
0x558917100cc0,7,0x5589170c7080,Marwin
0x5589170c7040,6,0x5589170c70e0,Mason
0x5589170bb0a0,13,0x5589170c7140,Massimiliano
0x5589170c70a0,8,0x5589170c71a0,Massimo
0x5589170c6fe0,5,0x5589170c71c0,Mata
0x5589170c7100,6,0x5589170c7220,Mateo
0x5589170c71e0,6,0x5589170c7280,Mathe
0x5589170bfca0,7,0x5589170c72e0,Mathew
0x5589170c72a0,8,0x5589170c7340,Mathian
0x5589170c7300,8,0x5589170c73a0,Mathias
0x5589170bce00,7,0x5589170c7400,Matias
0x5589170c73c0,5,0x5589170c7460,Matt
0x5589170c7420,7,0x5589170c74c0,Matteo
0x5589170c7480,10,0x5589170c7520,Matthaeus
0x5589170bc420,9,0x5589170c7580,Mattheus
0x5589170c7540,8,0x5589170c75e0,Matthew
0x5589170c75a0,9,0x5589170c7640,Matthias
0x5589170bb360,9,0x5589170c76a0,Matthieu
0x5589170c7660,9,0x5589170c7700,Matthiew
0x5589170c76c0,8,0x5589170c7760,Matthus
0x5589170bd0a0,8,0x5589170c77c0,Mattias
0x5589170c7720,7,0x5589170c77e0,Mattie
0x5589170c7600,6,0x5589170c7800,Matty
0x5589170c7780,8,0x5589170c7860,Maurice
0x5589170c7820,9,0x5589170c78c0,Mauricio
0x5589170c7880,7,0x5589170c7920,Maurie
0x5589170feac0,8,0x5589170c7980,Maurise
0x5589170c7940,8,0x5589170c79e0,Maurits
0x5589170c79a0,9,0x5589170c7a40,Maurizio
0x5589170c7a00,6,0x5589170c7aa0,Maury
0x5589170c7160,4,0x5589170c7ac0,Max
0x5589170bb860,6,0x5589170c7b20,Maxie
0x5589170c7ae0,6,0x5589170c7b80,Maxim
0x5589170c7b40,11,0x5589170c7be0,Maximilian
0x5589170c7ba0,13,0x5589170c7c40,Maximilianus
0x5589170bb6e0,11,0x5589170c7ca0,Maximilien
0x5589170c7c60,7,0x5589170c7d00,Maximo
0x5589170c7cc0,8,0x5589170c7d60,Maxwell
0x5589170c7a60,5,0x5589170c7d80,Maxy
0x5589170c7d20,6,0x5589170c7de0,Mayer
0x5589170be460,8,0x5589170c7e40,Maynard
0x5589170c7da0,6,0x5589170c7ea0,Mayne
0x5589170c7e00,8,0x5589170c7f00,Maynord
0x5589170c7ec0,6,0x5589170c7f60,Mayor
0x5589170c7f20,5,0x5589170c7fc0,Mead
0x5589170c7f80,6,0x5589170c8020,Meade
0x5589170c7fe0,6,0x5589170c8080,Meier
0x5589170c8040,5,0x5589170c80e0,Meir
0x5589170c6ec0,4,0x5589170c8100,Mel
0x5589170ba960,7,0x5589170c8160,Melvin
0x5589170c8120,7,0x5589170c81c0,Melvyn
0x5589170c8180,7,0x5589170c8220,Menard
0x5589170c81e0,7,0x5589170c8280,Mendel
0x5589170c8240,7,0x5589170c82e0,Mendie
0x5589170c82a0,6,0x5589170c8340,Mendy
0x5589170c8300,9,0x5589170c83a0,Meredeth
0x5589170bc740,9,0x5589170c8400,Meredith
0x5589170c83c0,7,0x5589170c8460,Merell
0x5589170c8420,7,0x5589170c84c0,Merill
0x5589170c8480,6,0x5589170c8520,Merle
0x5589170c84e0,7,0x5589170c8580,Merrel
0x5589170c8540,8,0x5589170c85e0,Merrick
0x5589170c85a0,8,0x5589170c8640,Merrill
0x5589170c8600,6,0x5589170c86a0,Merry
0x5589170c8660,5,0x5589170c8700,Merv
0x5589170c86c0,7,0x5589170c8760,Mervin
0x5589170c8720,7,0x5589170c87c0,Merwin
0x5589170ffc40,7,0x5589170c8880,Robert
0x5589170c8780,4,0x5589170c88a0,Mic
0x5589170fc340,6,0x5589170c8920,Roley
0x558917102a00,6,0x5589170c8aa0,Rorke
0x5589170fc1c0,6,0x5589170c8c20,Roger
0x5589170f8040,8,0x5589170c8fa0,Reynard
0x5589170b6ab0,6,0x5589170c8fe0,Regan
0x5589170f7180,4,0x5589170c9160,Rem
0x5589170c8360,4,0x5589170c9200,Moe
0x5589170bb460,9,0x5589170c9340,Richardo
0x5589170fc8a0,3,0x5589170c9ea0,My
0x5589170bba20,7,0x5589170ca0e0,Rollie
0x5589170c6960,4,0x5589170ca140,Nap
0x5589170c6840,4,0x5589170ca220,Nat
0x5589170bd4e0,7,0x5589170ca320,Ronnie
0x5589170cb200,1
0x5589170c6400,4,0x5589170ca640,Ned
0x5589170fc2c0,7,0x5589170caa80,Roarke
0x5589170f6680,6,0x5589170caac0,Reube
0x5589170bcc60,7,0x5589170cad80,Romain
0x558917102840,6,0x5589170cb000,Ronny
0x5589170feec0,6,0x5589170cb080,Rolfe
0x5589170bd720,6,0x5589170cb1c0,Rowan
0x5589170f6200,9,0x5589170cb2c0,Reginald
0x558917100c00,7,0x5589170cb5c0,Rockey
0x558917101dc0,8,0x5589170cb8c0,Ritchie
0x5589170fb2c0,6,0x5589170cb980,Robin
0x5589170b71b0,6,0x5589170cbc00,Reggy
0x5589170bb320,8,0x5589170cbc80,Rodolph
0x5589170fce40,5,0x5589170cbd00,Rolf
0x5589170bdba0,7,0x5589170cbd80,Rourke
0x5589170fac40,8,0x5589170cbe80,Richard
0x5589170c1fc0,9,0x5589170cc100,Rodrique
0x5589170f5900,7,0x5589170cc280,Reidar
0x5589170bc3a0,9,0x5589170cc2c0,Rockwell
0x5589170f6300,4,0x5589170cc4c0,Reg
0x5589170faa40,8,0x5589170cc500,Ricardo
0x5589170bd9a0,7,0x5589170cc580,Rossie
0x5589170bbb60,6,0x5589170cc740,Rossy
0x5589170bebe0,7,0x5589170ccb80,Rowney
0x5589170fd000,8,0x5589170ccc40,Richart
0x5589170f86c0,10,0x5589170ccd00,Remington
0x5589170babe0,8,0x5589170cce00,Roderic
0x5589170ff840,6,0x5589170cd140,Rollo
0x5589170fb700,10,0x5589170cd240,Richmound
0x5589170f5b00,7,0x5589170cd440,Reider
0x5589170c0ac0,4,0x5589170cd7c0,Rod
0x5589170bb9a0,7,0x5589170cda00,Roldan
0x5589170baf80,8,0x5589170cdcc0,Rodolfo
0x5589170fa1c0,7,0x5589170ce280,Rickie
0x5589170be8e0,9,0x5589170ce440,Roderigo
0x5589170f7400,7,0x5589170ce640,Renato
0x5589170fa900,5,0x5589170ce9c0,Robb
0x5589170f57c0,5,0x5589170cea40,Rhys
0x5589170f9380,7,0x5589170cea80,Ricard
0x5589170f67c0,6,0x5589170cec00,Rhett
0x5589170bdd20,6,0x5589170ced80,Rowen
0x5589170bdfa0,9,0x5589170cef40,Roderick
0x558917100a40,5,0x5589170cf100,Roth
0x5589170be220,8,0x5589170cf180,Rollins
0x5589170f9400,7,0x5589170cf340,Richie
0x5589170fdc80,5,0x5589170cf3c0,Roma
0x5589170bc620,9,0x5589170cf800,Roderich
0x5589170bda20,8,0x5589170cf900,Rolland
0x5589170b8030,7,0x5589170cfbc0,Reggis
0x5589170bb560,8,0x5589170cfc00,Rodrick
0x5589170f72c0,7,0x5589170cfc40,Renard
0x5589170b60d0,6,0x5589170cfd00,Reese
0x5589170fc780,4,0x5589170cfec0,Ric
0x5589170fd8c0,4,0x5589170d0100,Rik
0x5589170f8d00,5,0x5589170d01c0,Ring
0x5589170b77f0,10,0x5589170d0200,Reginauld
0x558917101680,5,0x5589170d03c0,Rube
0x5589170beb60,6,0x5589170d03e0,Ruben
0x5589170befe0,6,0x5589170d0400,Rubin
0x558917101c40,5,0x5589170d0420,Ruby
0x5589170bd220,5,0x5589170d0440,Rudd
0x5589170bf260,7,0x5589170d0460,Ruddie
0x5589170c0080,6,0x5589170d0480,Ruddy
0x5589170c0bc0,6,0x5589170d04a0,Rudie
0x5589170c1c80,8,0x5589170d04c0,Rudiger
0x5589170bf860,7,0x5589170d04e0,Rudolf
0x5589170c1ec0,8,0x5589170d0500,Rudolfo
0x5589170c2280,8,0x5589170d0520,Rudolph
0x5589170bfbc0,5,0x5589170d0540,Rudy
0x5589170c89c0,8,0x5589170d0560,Rudyard
0x5589170c1d80,5,0x5589170d0580,Rufe
0x5589170c0f80,6,0x5589170d05a0,Rufus
0x5589170c9ca0,9,0x5589170d05c0,Ruggiero
0x5589170bff80,7,0x5589170d05e0,Rupert
0x5589170caca0,8,0x5589170d0600,Ruperto
0x5589170ca160,9,0x5589170d0620,Ruprecht
0x5589170c1080,6,0x5589170d0640,Rurik
0x5589170c2380,5,0x5589170d0660,Russ
0x5589170cb320,8,0x5589170d0680,Russell
0x5589170c01c0,7,0x5589170d06a0,Rustie
0x5589170c0500,7,0x5589170d06c0,Rustin
0x5589170c1180,6,0x5589170d06e0,Rusty
0x5589170c0f00,7,0x5589170d0700,Rutger
0x5589170fbc00,11,0x5589170d0720,Rutherford
0x5589170cb060,9,0x5589170d0740,Rutledge
0x5589170c1100,7,0x5589170d0760,Rutter
0x5589170cbf20,8,0x5589170d0780,Ruttger
0x5589170c8b00,4,0x5589170d07e0,Ruy
0x5589170ca300,5,0x5589170d0800,Ryan
0x5589170c1300,6,0x5589170d0820,Ryley
0x5589170ca7a0,5,0x5589170d0840,Ryon
0x5589170cb7a0,5,0x5589170d0860,Ryun
0x5589170cbe60,4,0x5589170d08c0,Sal
0x5589170c1600,7,0x5589170d08e0,Saleem
0x5589170c14c0,6,0x5589170d0900,Salem
0x5589170c1700,6,0x5589170d0920,Salim
0x5589170c87e0,7,0x5589170d0940,Salmon
0x5589170c8c00,7,0x5589170d0960,Salomo
0x5589170cc420,8,0x5589170d0980,Salomon
0x5589170cb3e0,9,0x5589170d09a0,Salomone
0x5589170cd4a0,9,0x5589170d09c0,Salvador
0x5589170bc560,10,0x5589170d09e0,Salvatore
0x5589170ce6a0,9,0x5589170d0a00,Salvidor
0x5589170cc560,4,0x5589170d0a60,Sam
0x5589170c8d40,7,0x5589170d0a80,Sammie
0x5589170c17c0,6,0x5589170d0aa0,Sammy
0x5589170ccb60,8,0x5589170d0ac0,Sampson
0x5589170c93e0,7,0x5589170d0ae0,Samson
0x5589170c96a0,7,0x5589170d0b00,Samuel
0x5589170cd220,8,0x5589170d0b20,Samuele
0x5589170c97a0,7,0x5589170d0b40,Sancho
0x5589170c99e0,7,0x5589170d0b60,Sander
0x5589170cd720,8,0x5589170d0b80,Sanders
0x5589170c0a00,10,0x5589170d0ba0,Sanderson
0x5589170ca660,7,0x5589170d0bc0,Sandor
0x5589170cafe0,7,0x5589170d0be0,Sandro
0x5589170c8860,6,0x5589170d0c00,Sandy
0x5589170ce720,8,0x5589170d0c20,Sanford
0x5589170cba60,7,0x5589170d0c40,Sanson
0x5589170cf160,8,0x5589170d0c60,Sansone
0x5589170c9460,6,0x5589170d0c80,Sarge
0x5589170cffa0,8,0x5589170d0ca0,Sargent
0x5589170cd420,7,0x5589170d0cc0,Sascha
0x5589170c94e0,6,0x5589170d0ce0,Sasha
0x5589170cc6a0,5,0x5589170d0d00,Saul
0x5589170ca3c0,8,0x5589170d0d60,Sauncho
0x5589170cc260,8,0x5589170d0dc0,Saunder
0x5589170cc9e0,9,0x5589170d0e20,Saunders
0x5589170fe900,11,0x5589170d0e40,Saunderson
0x558917100600,8,0x5589170d0ea0,Saundra
0x5589170bab20,8,0x5589170d0f00,Sauveur
0x5589170cd320,4,0x5589170d0f60,Saw
0x5589170cdc20,7,0x5589170d0f80,Sawyer
0x5589170c8c80,8,0x5589170d0fe0,Sawyere
0x5589170cd520,4,0x5589170d1040,Sax
0x5589170ceca0,5,0x5589170d1060,Saxe
0x5589170ca240,6,0x5589170d1080,Saxon
0x5589170cf8e0,4,0x5589170d10e0,Say
0x5589170caf20,6,0x5589170d1100,Sayer
0x5589170cde60,7,0x5589170d1120,Sayers
0x5589170cb460,6,0x5589170d1140,Sayre
0x5589170ce7a0,7,0x5589170d1160,Sayres
0x5589170c8e00,9,0x5589170d11c0,Scarface
0x5589170c9ae0,9,0x5589170d1220,Schuyler
0x5589170d00e0,5,0x5589170d1240,Scot
0x5589170cb5a0,6,0x5589170d1260,Scott
0x5589170ce8e0,7,0x5589170d1280,Scotti
0x5589170ca6e0,8,0x5589170d12e0,Scottie
0x5589170cefa0,7,0x5589170d1300,Scotty
0x5589170cb260,7,0x5589170d1360,Seamus
0x5589170d0260,5,0x5589170d1380,Sean
0x5589170cc4a0,10,0x5589170d13e0,Sebastian
0x5589170ccea0,11,0x5589170d1400,Sebastiano
0x5589170ce3e0,10,0x5589170d1460,Sebastien
0x5589170d1320,4,0x5589170d1480,See
0x5589170cbb20,6,0x5589170d14a0,Selby
0x5589170cbbe0,6,0x5589170d14c0,Selig
0x5589170cdca0,6,0x5589170d14e0,Serge
0x5589170ceee0,9,0x5589170d1540,Sergeant
0x5589170f5240,7,0x5589170d15a0,Sergei
0x5589170fdec0,8,0x5589170d1600,Sergent
0x5589170fe200,7,0x5589170d1660,Sergio
0x5589170d0360,5,0x5589170d1680,Seth
0x5589170bad80,7,0x5589170d16e0,Seumas
0x5589170bdae0,7,0x5589170d1740,Seward
0x5589170c0d80,8,0x5589170d17a0,Seymour
0x5589170cc1a0,7,0x5589170d1800,Shadow
0x5589170d17c0,5,0x5589170d1820,Shae
0x5589170b69b0,7,0x5589170d1880,Shaine
0x5589170b6e70,7,0x5589170d18e0,Shalom
0x5589170f5e00,7,0x5589170d1940,Shamus
0x5589170be060,7,0x5589170d19a0,Shanan
0x5589170cf020,6,0x5589170d19c0,Shane
0x5589170bfea0,8,0x5589170d1a20,Shannan
0x5589170c9e20,8,0x5589170d1a80,Shannon
0x5589170c9f00,8,0x5589170d1ae0,Shaughn
0x5589170cf0e0,6,0x5589170d1b00,Shaun
0x5589170d1aa0,5,0x5589170d1b20,Shaw
0x5589170d1960,6,0x5589170d1b40,Shawn
0x5589170d1a40,5,0x5589170d1b60,Shay
0x5589170ca540,7,0x5589170d1bc0,Shayne
0x5589170d19e0,5,0x5589170d1be0,Shea
0x5589170d1b80,6,0x5589170d1c00,Sheff
0x5589170cdd20,8,0x5589170d1c60,Sheffie
0x5589170fad80,10,0x5589170d1cc0,Sheffield
0x5589170fcf00,7,0x5589170d1d20,Sheffy
0x5589170d1ce0,7,0x5589170d1d40,Shelby
0x558917101740,8,0x5589170d1da0,Shelden
0x5589170d1d60,6,0x5589170d1dc0,Shell
0x558917102380,8,0x5589170d1e20,Shelley
0x5589170c0940,8,0x5589170d1e80,Shelton
0x5589170d1c20,5,0x5589170d1ea0,Shem
0x5589170d1700,5,0x5589170d1ec0,Shep
0x5589170c1540,8,0x5589170d1f20,Shepard
0x5589170c9320,9,0x5589170d1f80,Shepherd
0x5589170c95a0,9,0x5589170d1fe0,Sheppard
0x5589170cab20,9,0x5589170d2040,Shepperd
0x5589170cad60,9,0x5589170d20a0,Sheridan
0x5589170cc0a0,9,0x5589170d2100,Sherlock
0x5589170cc720,10,0x5589170d2160,Sherlocke
0x5589170d1ee0,6,0x5589170d2180,Sherm
0x5589170cdaa0,8,0x5589170d21e0,Sherman
0x5589170cf1e0,8,0x5589170d2240,Shermie
0x5589170cfda0,7,0x5589170d22a0,Shermy
0x5589170b73f0,8,0x5589170d2300,Sherwin
0x5589170fd600,9,0x5589170d2360,Sherwood
0x5589170bbde0,9,0x5589170d23c0,Sherwynd
0x5589170d22c0,7,0x5589170d23e0,Sholom
0x5589170bd420,9,0x5589170d2440,Shurlock
0x5589170be7c0,10,0x5589170d24a0,Shurlocke
0x5589170bfa60,9,0x5589170d2500,Shurwood
0x5589170fa3a0,3,0x5589170d2520,Si
0x5589170d24c0,6,0x5589170d2540,Sibyl
0x5589170d2120,4,0x5589170d2560,Sid
0x5589170d2260,7,0x5589170d2580,Sidnee
0x5589170c0740,7,0x5589170d25e0,Sidney
0x5589170c1e00,10,0x5589170d2640,Siegfried
0x5589170d25a0,7,0x5589170d26a0,Siffre
0x5589170d1c80,4,0x5589170d26c0,Sig
0x5589170c8a40,8,0x5589170d2720,Sigfrid
0x5589170c9100,9,0x5589170d2780,Sigfried
0x5589170ca440,10,0x5589170d27e0,Sigismond
0x5589170cd5a0,11,0x5589170d2840,Sigismondo
0x5589170cfca0,10,0x5589170d28a0,Sigismund
0x5589170d01a0,11,0x5589170d2900,Sigismundo
0x5589170bcae0,8,0x5589170d2960,Sigmund
0x5589170d2920,8,0x5589170d2980,Sigvard
0x5589170d2740,6,0x5589170d29a0,Silas
0x5589170bf8e0,8,0x5589170d2a00,Silvain
0x5589170d26e0,7,0x5589170d2a20,Silvan
0x5589170d29c0,8,0x5589170d2a40,Silvano
0x5589170c8900,9,0x5589170d2aa0,Silvanus
0x5589170cb6a0,10,0x5589170d2b00,Silvester
0x5589170d2a60,7,0x5589170d2b20,Silvio
0x5589170d28c0,4,0x5589170d2b40,Sim
0x5589170ce5e0,7,0x5589170d2ba0,Simeon
0x5589170d2b60,9,0x5589170d2bc0,Simmonds
0x5589170d2ac0,6,0x5589170d2be0,Simon
0x5589170cae20,7,0x5589170d2c40,Simone
0x5589170d2c00,9,0x5589170d2ca0,Sinclair
0x5589170cb160,9,0x5589170d2d00,Sinclare
0x5589170d2cc0,7,0x5589170d2d60,Siward
0x5589170d2400,6,0x5589170d2d80,Skell
0x5589170cd920,7,0x5589170d2de0,Skelly
0x5589170d2860,5,0x5589170d2e00,Skip
0x5589170d2380,6,0x5589170d2e20,Skipp
0x5589170d2da0,8,0x5589170d2e80,Skipper
0x5589170cbd60,8,0x5589170d2ee0,Skippie
0x5589170d2ea0,7,0x5589170d2f40,Skippy
0x5589170cf320,8,0x5589170d2fa0,Skipton
0x5589170d2800,4,0x5589170d2fc0,Sky
0x5589170d27a0,5,0x5589170d2fe0,Skye
0x5589170d2f60,7,0x5589170d3040,Skylar
0x5589170cd9e0,7,0x5589170d30a0,Skyler
0x5589170d2320,6,0x5589170d30c0,Slade
0x5589170d2200,6,0x5589170d30e0,Sloan
0x5589170d3060,7,0x5589170d3140,Sloane
0x5589170d1760,4,0x5589170d3160,Sly
0x5589170d21a0,6,0x5589170d3180,Smith
0x5589170ce4e0,7,0x5589170d31e0,Smitty
0x5589170d15c0,4,0x5589170d3200,Sol
0x5589170d31a0,7,0x5589170d3260,Sollie
0x5589170d1e40,6,0x5589170d3280,Solly
0x5589170cfea0,8,0x5589170d32e0,Solomon
0x5589170d32a0,9,0x5589170d3340,Somerset
0x5589170d3220,4,0x5589170d33a0,Son
0x5589170ca040,7,0x5589170d3400,Sonnie
0x5589170d1de0,6,0x5589170d3420,Sonny
0x5589170d33c0,7,0x5589170d3480,Spence
0x5589170ccf60,8,0x5589170d34e0,Spencer
0x5589170d34a0,7,0x5589170d3540,Spense
0x5589170ceb60,8,0x5589170d35a0,Spenser
0x5589170d3440,6,0x5589170d35c0,Spike
0x5589170d3560,7,0x5589170d3620,Stacee
0x5589170d1900,6,0x5589170d3640,Stacy
0x5589170fda40,9,0x5589170d36a0,Staffard
0x5589170d3660,9,0x5589170d3700,Stafford
0x5589170cc320,8,0x5589170d3760,Staford
0x5589170d35e0,5,0x5589170d3780,Stan
0x5589170d3720,10,0x5589170d37e0,Standford
0x5589170cfba0,10,0x5589170d3840,Stanfield
0x5589170d3800,9,0x5589170d38a0,Stanford
0x5589171007c0,10,0x5589170d3900,Stanislas
0x5589170d38c0,11,0x5589170d3960,Stanislaus
0x5589170bf4a0,10,0x5589170d39c0,Stanislaw
0x5589170d3980,10,0x5589170d3a20,Stanleigh
0x5589170ccd60,8,0x5589170d3a80,Stanley
0x5589170d3a40,7,0x5589170d3ae0,Stanly
0x5589170d3aa0,8,0x5589170d3b00,Stanton
0x5589170cf460,9,0x5589170d3b60,Stanwood
0x5589170d3b20,7,0x5589170d3bc0,Stavro
0x5589170c0300,8,0x5589170d3c20,Stavros
0x5589170d3b80,7,0x5589170d3c40,Stearn
0x5589170d3be0,8,0x5589170d3ca0,Stearne
0x5589170d3c60,7,0x5589170d3d00,Stefan
0x5589170cbc60,8,0x5589170d3d60,Stefano
0x5589170d3d20,8,0x5589170d3dc0,Steffen
0x5589170d3d80,8,0x5589170d3e20,Stephan
0x5589170ce060,10,0x5589170d3e80,Stephanus
0x5589170d3e40,8,0x5589170d3ee0,Stephen
0x5589170bde60,9,0x5589170d3f40,Sterling
0x5589170d18a0,6,0x5589170d3f60,Stern
0x5589170d3ea0,7,0x5589170d3f80,Sterne
0x5589170d1840,6,0x5589170d3fa0,Steve
0x5589170d3f00,7,0x5589170d4000,Steven
0x5589170d3fc0,7,0x5589170d4060,Stevie
0x5589170c98a0,6,0x5589170d40c0,Stevy
0x5589170d4080,8,0x5589170d4120,Steward
0x5589170d40e0,8,0x5589170d4180,Stewart
0x5589170ced60,9,0x5589170d41e0,Stillman
0x5589170d41a0,10,0x5589170d4240,Stillmann
0x5589170d4200,7,0x5589170d4260,Stinky
0x5589170cf7a0,9,0x5589170d42c0,Stirling
0x5589170d4140,4,0x5589170d42e0,Stu
0x5589170d4280,7,0x5589170d4340,Stuart
0x5589170d4300,9,0x5589170d43a0,Sullivan
0x5589170cf660,6,0x5589170d4400,Sully
0x5589170d43c0,7,0x5589170d4460,Sumner
0x5589170d4420,6,0x5589170d44c0,Sunny
0x5589170c2140,10,0x5589170d4520,Sutherlan
0x5589170d44e0,11,0x5589170d4580,Sutherland
0x5589170d4540,7,0x5589170d45e0,Sutton
0x5589170d3500,5,0x5589170d4600,Sven
0x5589170d4480,6,0x5589170d4660,Svend
0x5589170d3100,5,0x5589170d4680,Swen
0x5589170d2600,4,0x5589170d46e0,Syd
0x5589170ce220,7,0x5589170d4740,Sydney
0x5589170d4700,6,0x5589170d47a0,Sylas
0x5589170d4760,7,0x5589170d4800,Sylvan
0x5589170c8f80,10,0x5589170d4860,Sylvester
0x5589170d47c0,6,0x5589170d48c0,Syman
0x5589170d4820,6,0x5589170d4920,Symon
0x5589170d2460,4,0x5589170d4980,Tab
0x5589170d20c0,5,0x5589170d49a0,Tabb
0x5589170d48e0,7,0x5589170d4a00,Tabbie
0x5589170d49c0,6,0x5589170d4a60,Tabby
0x5589170ce960,6,0x5589170d4ac0,Taber
0x5589170d4a80,6,0x5589170d4b20,Tabor
0x5589170d2060,4,0x5589170d4b80,Tad
0x5589170d2000,5,0x5589170d4ba0,Tadd
0x5589170d4ae0,7,0x5589170d4c00,Taddeo
0x5589170d4bc0,9,0x5589170d4c60,Taddeusz
0x5589170cb8a0,7,0x5589170d4cc0,Tadeas
0x5589170d4c80,6,0x5589170d4d20,Tadeo
0x5589170d4ce0,6,0x5589170d4d80,Tades
0x5589170d4d40,6,0x5589170d4de0,Tadio
0x5589170d4da0,7,0x5589170d4e40,Tailor
0x5589170d1fa0,5,0x5589170d4e60,Tait
0x5589170cc7e0,6,0x5589170d4ec0,Taite
0x5589170d4e80,8,0x5589170d4f20,Talbert
0x5589170d4ee0,7,0x5589170d4f80,Talbot
0x5589170d4f40,7,0x5589170d4fe0,Tallie
0x5589170ccbe0,6,0x5589170d5040,Tally
0x5589170d4c20,4,0x5589170d5060,Tam
0x5589170d5000,6,0x5589170d50c0,Tamas
0x5589170d5080,7,0x5589170d5120,Tammie
0x5589170d50e0,6,0x5589170d5180,Tammy
0x5589170d4fa0,4,0x5589170d51e0,Tan
0x5589170d1f40,5,0x5589170d5200,Tann
0x5589170d5140,7,0x5589170d5260,Tanner
0x5589170cd0a0,7,0x5589170d52c0,Tanney
0x5589170d5280,7,0x5589170d5320,Tannie
0x5589170d52e0,6,0x5589170d5380,Tanny
0x5589170d5340,9,0x5589170d53e0,Tarrance
0x5589170d16a0,5,0x5589170d5400,Tate
0x5589170d53a0,7,0x5589170d5420,Taylor
0x5589170ca960,7,0x5589170d5480,Teador
0x5589170d1620,4,0x5589170d54e0,Ted
0x5589170d1560,5,0x5589170d5500,Tedd
0x5589170d5440,7,0x5589170d5560,Teddie
0x5589170d5520,6,0x5589170d55c0,Teddy
0x5589170d5580,6,0x5589170d5620,Tedie
0x5589170d55e0,7,0x5589170d5680,Tedman
0x5589170d5640,5,0x5589170d5720,Temp
0x5589170ff140,6,0x5589170f5060,Keith
0x5589170f5740,6,0x5589170f50e0,Dolph
0x5589170ff340,5,0x5589170f5260,Rory
0x5589170fffc0,6,0x5589170f55a0,Eddie
0x5589170fbb40,7,0x5589170f5760,Earvin
0x5589170f5480,6,0x5589170f57e0,Remus
0x5589170b7090,1
0x5589170ffcc0,5,0x5589170f59e0,Kean
0x5589170f5600,8,0x5589170f5ba0,Domenic
0x5589170f7280,7,0x5589170f5be0,Dougie
0x5589170bff40,5,0x5589170f5c20,King
0x5589170b7ab0,4,0x5589170f5c60,Dom
0x5589170f7e40,9,0x5589170f5d60,Domenico
0x5589170f9100,6,0x5589170f5e20,Ricky
0x558917101040,4,0x5589170f5ea0,Dud
0x5589170fcf80,6,0x5589170f5f60,Elnar
0x5589170f6340,7,0x5589170f5fa0,Donnie
0x5589171009a0,1
0x5589170fa500,6,0x5589170f6020,Kalle
0x5589170ffdc0,6,0x5589170f6160,Elton
0x5589170fdc40,8,0x5589170f61a0,Eduardo
0x5589170f7200,6,0x5589170f6220,Ricki
0x5589170fdd80,8,0x5589170f6520,Kennith
0x5589170fe940,5,0x5589170f6660,Egan
0x5589170fd7c0,5,0x5589170f6760,Dunn
0x558917102140,6,0x5589170f6820,Elihu
0x5589170fb9c0,6,0x5589170f69e0,Karel
0x5589170f7300,6,0x5589170f6b60,Ellis
0x5589170b7cb0,5,0x5589170f6be0,Jock
0x5589170b6670,8,0x5589170f6ca0,Reinald
0x5589170f6860,1
0x5589170f9a40,7,0x5589170f6f20,Dwayne
0x5589170f5c80,7,0x5589170f6fe0,Johnny
0x5589170f9e60,2
0x5589170ffc80,4,0x5589170f70a0,Edd
0x5589170fb400,6,0x5589170f71a0,Rocky
0x558917101380,7,0x5589170f7320,Elbert
0x558917100080,7,0x5589170f73e0,Egbert
0x5589170fe740,6,0x5589170f74e0,Efren
0x5589170fc700,6,0x5589170f75a0,Kayne
0x5589170b7a30,7,0x5589170f7620,Dieter
0x5589170f7dc0,6,0x5589170f7860,Donny
0x5589170fde40,9,0x5589170f78e0,Eberhard
0x558917100780,6,0x5589170f79a0,Edlin
0x5589170f6d80,8,0x5589170f7aa0,Dominic
0x5589170fd580,7,0x5589170f7ae0,Robbie
0x558917101480,7,0x5589170f7ba0,Kasper
0x5589170f9280,7,0x5589170f7c60,Durand
0x5589170fa200,6,0x5589170f7ca0,Drake
0x5589170fef80,5,0x5589170f7ce0,Karl
0x5589170f8be0,4,0x5589170f7fa0,Ely
0x5589170ff800,6,0x5589170f80e0,Edgar
0x5589170b61f0,8,0x5589170f8320,Dimitri
0x5589170faf00,8,0x5589170f8420,Kendell
0x558917100a80,6,0x5589170f8560,Edmon
0x558917101b80,8,0x5589170f87e0,Kimball
0x5589170f73c0,7,0x5589170f8860,Dudley
0x5589170f7d00,4,0x5589170f88a0,Rex
0x5589170ffac0,7,0x5589170f8960,Kalvin
0x5589170c0b00,5,0x5589170f89a0,Kipp
0x5589170f6040,8,0x5589170f8a60,Domingo
0x5589170fdd00,8,0x5589170f8aa0,Kennett
0x5589170f7f40,5,0x5589170f8ca0,Jory
0x5589170fbda0,1
0x5589170fa580,7,0x5589170f8de0,Josiah
0x5589170fd9c0,8,0x5589170f8ea0,Kenneth
0x5589170fddc0,6,0x5589170f8ee0,Elias
0x5589170f8180,6,0x5589170f90e0,Dorie
0x558917101900,6,0x5589170f9120,Romeo
0x5589170f5580,7,0x5589170f92a0,Dillon
0x5589170fb480,6,0x5589170f93a0,Roddy
0x5589170fa180,6,0x5589170f93e0,Kalil
0x5589170bb220,9,0x5589170f9420,Riccardo
0x5589170f6980,10,0x5589170f9460,Dominique
0x5589170f8cc0,7,0x5589170f9520,Duncan
0x5589170b7070,6,0x5589170f98a0,Eliot
0x5589170ff000,9,0x5589170f99a0,Elsworth
0x5589170fba00,6,0x5589170f99e0,Duffy
0x5589170f7cc0,5,0x5589170f9a20,Jone
0x5589170faf40,8,0x5589170f9a60,Donovan
0x5589170b7d70,5,0x5589170f9c20,Dion
0x5589170bf7e0,9,0x5589170f9ce0,Rodolphe
0x5589170f6000,6,0x5589170f9da0,Johan
0x5589170f8880,5,0x5589170f9ea0,Rick
0x558917101100,6,0x5589170f9f20,Elwin
0x5589170fa540,6,0x5589170f9fe0,Drugi
0x5589170ba4a0,9,0x5589170fa1e0,Reynolds
0x5589171009c0,5,0x5589170fa260,Keen
0x5589170f8540,10,0x5589170fa2a0,Ellswerth
0x5589170f6800,8,0x5589170fa360,Elliott
0x5589170fa280,5,0x5589170fa4e0,Doug
0x5589170ff500,8,0x5589170fa520,Kerwinn
0x5589170b73b0,8,0x5589170fa5a0,Joaquin
0x5589170f96c0,7,0x5589170fa5e0,Durant
0x558917100c80,6,0x5589170fa620,Edsel
0x5589170f7240,6,0x5589170fa6e0,Jorge
0x5589170f8ec0,4,0x5589170fa860,Doy
0x5589170bb620,6,0x5589170fa920,Rosco
0x5589170f7380,8,0x5589170fa9e0,Kearney
0x5589170fb5c0,7,0x5589170faa20,Julian
0x558917101440,8,0x5589170faa60,Riordan
0x5589170fcb40,6,0x5589170faaa0,Eamon
0x5589170fef40,5,0x5589170fab60,Edan
0x5589170f6240,7,0x5589170fabe0,Donalt
0x5589170b6830,6,0x5589170fac20,Jesus
0x558917100500,5,0x5589170faca0,Earl
0x5589170fe2c0,10,0x5589170fada0,Rochester
0x5589170b6910,6,0x5589170fb060,Elwyn
0x558917100dc0,5,0x5589170fb0e0,Eben
0x5589170fe380,6,0x5589170fb1a0,Eldon
0x558917100000,9,0x5589170fb260,Kingston
0x558917101640,4,0x5589170fb2a0,Dun
0x5589170fcde0,5,0x5589170fb3a0,Elia
0x5589170fd380,5,0x5589170fb3e0,Dunc
0x5589170ba3a0,8,0x5589170fb420,Roberto
0x5589170bad20,8,0x5589170fb460,Klement
0x5589170fb100,5,0x5589170fb4a0,Rock
0x5589170b6530,5,0x5589170fb4e0,Dill
0x5589171012c0,7,0x5589170fb7a0,Eduard
0x5589170c1500,7,0x5589170fb7e0,Kippar
0x5589170fe1c0,6,0x5589170fb860,Efrem
0x5589170fb7c0,5,0x5589170fb960,Kain
0x5589170f7b00,7,0x5589170fbba0,Jorgan
0x5589170fbd80,5,0x5589170fbce0,Duff
0x5589170fc680,4,0x5589170fbde0,Kev
0x5589170fd680,8,0x5589170fbe60,Eadmund
0x5589170f7360,2
0x5589170fed40,6,0x5589170fbf20,Early
0x5589170f54c0,6,0x5589170fbfa0,Dilly
0x558917100fe0,6,0x5589170fc060,Elmer
0x5589170be420,6,0x5589170fc1e0,Royce
0x5589170fca80,8,0x5589170fc3a0,Dunstan
0x558917100b00,7,0x5589170fc420,Edmund
0x5589170f9b40,10,0x5589170fc4a0,Johnathon
0x5589170fd980,8,0x5589170fc560,Edouard
0x5589170fa8c0,5,0x5589170fc5a0,Drud
0x5589170f7000,4,0x5589170fc660,Dov
0x5589170f5440,5,0x5589170fc6a0,Jodi
0x558917101ac0,5,0x5589170fc720,Kele
0x5589170bdde0,6,0x5589170fc7a0,Royal
0x558917102480,6,0x5589170fc960,Eldin
0x558917101b00,4,0x5589170fc9a0,Dur
0x5589170b6750,2
0x5589170bce20,1
0x5589170fe9c0,6,0x5589170fcce0,Earle
0x558917100700,3,0x5589170fcd20,Ed
0x5589170fbee0,6,0x5589170fce20,Elroy
0x5589170f5e80,7,0x5589170fcea0,Elliot
0x558917101c80,7,0x5589170fcfa0,Edward
0x5589171013c0,6,0x5589170fd020,Roman
0x5589170fb980,7,0x5589170fd0e0,Earlie
0x558917102500,4,0x5589170fd120,Eli
0x5589170bde20,7,0x5589170fd1a0,Kerwin
0x5589170baf40,7,0x5589170fd220,Kelley
0x5589170f81a0,6,0x5589170fd260,Elvin
0x5589170f64a0,2
0x5589170f9840,9,0x5589170fd360,Jourdain
0x5589170b6df0,7,0x5589170fd4e0,Jethro
0x558917101800,9,0x5589170fd520,Reinwald
0x5589170fe500,9,0x5589170fd760,Eldredge
0x5589170f9cc0,4,0x5589170fd8e0,Rey
0x5589170f6560,1
0x5589170fe8c0,9,0x5589170fd960,Kingsley
0x5589170bc5e0,6,0x5589170fd9e0,Kevon
0x5589170f6e80,7,0x5589170fdaa0,Renado
0x5589171017c0,7,0x5589170fdbe0,Edvard
0x5589170b74b0,7,0x5589170fdc60,Ellery
0x558917102700,7,0x5589170fdda0,Kelbee
0x5589170f8f40,9,0x5589170fde60,Douglass
0x5589170bbce0,7,0x5589170fdee0,Rollin
0x5589170b7e70,8,0x5589170fdf20,Dimitry
0x558917100b80,5,0x5589170fdf60,Egor
0x5589170b7030,6,0x5589170fdfa0,Jimmy
0x5589170f5940,9,0x5589170fe060,Dionisio
0x5589170bba60,7,0x5589170fe160,Kelsey
0x5589170fd740,8,0x5589170fe3a0,Edgardo
0x5589170fc800,5,0x5589170fe4a0,Duke
0x5589170befa0,5,0x5589170fe4e0,Kiel
0x5589170f8c80,6,0x5589170fe5e0,Julie
0x558917100680,5,0x5589170fe760,Egon
0x5589170fd940,5,0x5589170fe8e0,Kale
0x5589170b6db0,9,0x5589170fe9e0,Dietrich
0x5589170fac00,8,0x5589170fea20,Kendall
0x5589170fb280,6,0x5589170fea60,Duane
0x558917100e00,4,0x5589170fed20,Roy
0x5589170fd400,8,0x5589170fed60,Durante
0x5589170ff080,6,0x5589170fede0,Keene
0x5589170f7b40,8,0x5589170fee60,Dominik
0x5589170f8c40,7,0x5589170feea0,Dugald
0x558917102000,7,0x5589170fefa0,Keefer
0x558917101940,6,0x5589170ff060,Elden
0x5589170fc300,6,0x5589170ff1a0,Dwain
0x5589170b7130,6,0x5589170ff1e0,Dilan
0x5589170b7170,8,0x5589170ff260,Joachim
0x5589170fc160,3,0x5589170ff2a0,Em
0x5589170fd900,4,0x5589170ff320,Eal
0x558917101d80,8,0x5589170ff460,Kimbell
0x5589170f6d00,7,0x5589170ff5e0,Dorian
0x5589170fc600,8,0x5589170ff660,Ellwood
0x5589170fec20,1
0x5589170f9040,9,0x5589170ff720,Jonathan
0x5589170f61c0,8,0x5589170ff7e0,Justino
0x5589170f80c0,8,0x5589170ff8e0,Donaugh
0x5589170b62b0,8,0x5589170ff9a0,Ellerey
0x5589170ff700,7,0x5589170ffa20,Kahlil
0x5589170b7f30,7,0x5589170ffb60,Dillie
0x5589170fccc0,7,0x5589170ffbe0,Elmore
0x5589170f6380,5,0x5589170ffc60,Rich
0x5589170fc6c0,8,0x5589170ffd20,Douglas
0x5589170bd520,7,0x5589170ffd60,Kenton
0x558917102400,6,0x5589170ffde0,Edwin
0x558917100f80,6,0x5589170ffe20,Elvis
0x5589170fc200,6,0x5589170fff20,Dukey
0x5589170f9ac0,8,0x5589170fffe0,Donnell
0x5589170ba7e0,6,0x558917100020,Kerry
0x5589170fc880,5,0x5589171000a0,Duky
0x558917106080,3,0x558917100260,Jo
0x558917102340,8,0x5589171003a0,Kincaid
0x5589170f9ec0,5,0x558917100420,Juan
0x5589170b6a30,6,0x5589171004a0,Diego
0x5589170f90c0,9,0x558917100520,Ebeneser
0x5589170ffa00,8,0x5589171005a0,Killian
0x5589170fd500,9,0x558917100660,Reinhard
0x558917101400,7,0x5589171007a0,Eduino
0x5589170fc100,5,0x5589171007e0,Rodd
0x5589170fa480,6,0x558917100820,Ringo
0x5589170f9dc0,5,0x5589171008e0,Dory
0x5589170ffc20,1
0x5589170f6880,6,0x558917100da0,Johny
0x5589170fb500,7,0x558917100e20,Ripley
0x5589170fcc00,7,0x558917100e60,Eberto
0x5589170ba6a0,8,0x558917100f60,Klemens
0x5589170fe280,9,0x558917101020,Kahaleel
0x5589170ff980,7,0x558917101120,Ellary
0x5589170f5d00,5,0x5589171011e0,Rice
0x5589170b67f0,5,0x558917101260,Dino
0x5589170f5f00,7,0x5589171012a0,Jordan
0x5589170f7980,5,0x5589171012e0,Donn
0x5589170ba3e0,5,0x558917101320,Kenn
0x5589170f8740,7,0x5589171013a0,Duffie
0x5589170bd7a0,8,0x558917101460,Rolando
0x5589170f7a80,5,0x5589171014e0,Dore
0x5589170f6600,9,0x558917101520,Dionysus
0x558917101840,5,0x558917101660,Eddy
0x5589170f8f00,8,0x5589171016a0,Reynold
0x5589170c91c0,9,0x558917101760,Rriocard
0x5589170bb6a0,7,0x5589171017a0,Rogers
0x5589170bd4a0,7,0x5589171018a0,Kennie
0x558917101e40,10,0x5589171018e0,Kendricks
0x5589170b7ad0,1
0x5589170f8760,2
0x5589170f8260,5,0x558917101aa0,Elmo
0x5589170f6360,1
0x5589170fc740,6,0x558917101be0,Dylan
0x5589170fd5c0,8,0x558917101c20,Durward
0x5589170fba80,10,0x558917101ca0,Ellsworth
0x5589170f7f00,6,0x558917101d20,Dorey
0x5589170bb820,7,0x558917101de0,Roland
0x5589170f5c40,7,0x558917101ea0,Donall
0x5589170b6f70,7,0x5589171020e0,Elijah
0x5589170fce80,7,0x5589171021a0,Elisha
0x5589170bca60,7,0x5589171021e0,Kendal
0x5589170f7b80,6,0x5589171022a0,Judas
0x5589170fa240,7,0x5589171022e0,Joshua
0x5589170bbca0,7,0x558917102360,Kelvin
0x5589170bd6a0,7,0x5589171023a0,Roscoe
0x5589170ba5e0,7,0x5589171023e0,Rodger
0x5589170f76a0,6,0x558917102420,Elvyn
0x5589170fc0a0,2
0x5589170f6a00,5,0x558917102660,Dirk
0x5589170f6e60,3,0x5589170d7b40,Ty
0x5589170fc280,6,0x5589171028e0,Dukie
0x5589170f78c0,6,0x558917102920,Donal
0x5589170ff2e0,3,0x558917102a40,El
0x5589170b6b30,8,0x558917102aa0,Emanuel
0x5589170f5a00,9,0x558917102b00,Emanuele
0x5589170f6540,7,0x558917102b60,Emelen
0x5589170f8800,8,0x558917102bc0,Emerson
0x558917102b20,6,0x558917102be0,Emery
0x5589170fa800,6,0x558917102c40,Emile
0x558917102c00,7,0x558917102c60,Emilio
0x5589170fa940,6,0x558917102cc0,Emlen
0x558917102c80,6,0x558917102d20,Emlyn
0x5589170fb740,9,0x558917102d80,Emmanuel
0x5589170ff0c0,9,0x558917102de0,Emmerich
0x5589170ff880,7,0x558917102e40,Emmery
0x558917102e00,6,0x558917102e60,Emmet
0x558917100440,7,0x558917102ec0,Emmett
0x558917102e80,6,0x558917102ee0,Emmit
0x558917101200,7,0x558917102f40,Emmott
0x558917100ee0,5,0x558917102f60,Emmy
0x558917102f00,6,0x558917102f80,Emory
0x558917102200,10,0x558917102fe0,Engelbert
0x5589170b65f0,10,0x558917103040,Englebert
0x5589170b68f0,6,0x5589171030a0,Ennis
0x558917103060,6,0x558917103100,Enoch
0x558917102a60,5,0x558917103120,Enos
0x5589170f8480,7,0x558917103180,Enrico
0x5589170f8d40,8,0x5589171031e0,Enrique
0x5589170fb540,8,0x558917103240,Ephraim
0x5589170fc140,9,0x5589171032a0,Ephrayim
0x558917103140,7,0x5589171032c0,Ephrem
0x5589170fea40,8,0x558917103320,Erasmus
0x5589170ff380,8,0x558917103380,Erastus
0x558917102b80,5,0x5589171033a0,Erek
0x5589170b7c30,7,0x558917103400,Erhard
0x5589171033c0,7,0x558917103460,Erhart
0x558917103260,5,0x558917103480,Eric
0x5589171031a0,6,0x5589171034a0,Erich
0x558917103200,6,0x5589171034c0,Erick
0x5589170fb020,5,0x5589171034e0,Erie
0x5589170f8660,5,0x558917103500,Erik
0x5589170f97a0,5,0x558917103520,Erin
0x5589170f94a0,4,0x558917103540,Erl
0x5589170f6700,8,0x5589171035a0,Ermanno
0x5589171032e0,6,0x5589171035c0,Ermin
0x558917103560,7,0x5589171035e0,Ernest
0x5589170f6e00,8,0x558917103640,Ernesto
0x5589170f8240,9,0x5589171036a0,Ernestus
0x558917103340,6,0x5589171036c0,Ernie
0x558917103660,6,0x5589171036e0,Ernst
0x5589170fbae0,5,0x558917103700,Erny
0x558917103600,7,0x558917103720,Errick
0x5589170faa80,6,0x558917103780,Errol
0x558917103740,7,0x5589171037e0,Erroll
0x5589170fb380,8,0x558917103840,Erskine
0x558917102ac0,4,0x558917103860,Erv
0x558917103800,6,0x5589171038c0,ErvIn
0x5589170fdb80,6,0x558917103920,Erwin
0x5589171038e0,7,0x558917103980,Esdras
0x5589170ff740,5,0x5589171039e0,Esme
0x5589171039a0,5,0x558917103a40,Esra
0x5589171014c0,8,0x558917103aa0,Esteban
0x558917101bc0,8,0x558917103b00,Estevan
0x558917103a00,5,0x558917103b20,Etan
0x558917103a60,6,0x558917103b80,Ethan
0x558917103ac0,5,0x558917103be0,Ethe
0x558917101d00,10,0x558917103c40,Ethelbert
0x5589170f5880,9,0x558917103ca0,Ethelred
0x5589170f7800,8,0x558917103d00,Etienne
0x558917103c60,7,0x558917103d20,Ettore
0x558917103cc0,6,0x558917103d80,Euell
0x5589170fab40,6,0x558917103de0,Eugen
0x558917103da0,7,0x558917103e40,Eugene
0x5589170fae80,8,0x558917103ea0,Eugenio
0x5589170fb140,9,0x558917103f00,Eugenius
0x558917103e60,8,0x558917103f20,Eustace
0x558917102fa0,3,0x558917103f40,Ev
0x558917103c00,5,0x558917103f60,Evan
0x558917103ec0,7,0x558917103f80,Evelin
0x5589170fe0c0,7,0x558917103fe0,Evelyn
0x558917103fa0,5,0x558917104040,Even
0x5589170fcd80,8,0x5589171040a0,Everard
0x558917104060,7,0x558917104100,Evered
0x5589170fd840,8,0x558917104160,Everett
0x558917104120,5,0x5589171041c0,Evin
0x5589170ff280,5,0x558917104220,Evyn
0x5589171041e0,5,0x558917104280,Ewan
0x558917104240,6,0x5589171042e0,Eward
0x558917101a00,6,0x558917104340,Ewart
0x558917104300,6,0x5589171043a0,Ewell
0x558917104360,5,0x5589171043c0,Ewen
0x5589170fbc80,9,0x558917104420,Ezechiel
0x5589171043e0,8,0x558917104480,Ezekiel
0x558917100280,9,0x5589171044e0,Ezequiel
0x558917100e40,11,0x558917104540,Eziechiele
0x558917104500,5,0x5589171045a0,Ezra
0x5589171044a0,5,0x558917104600,Ezri
0x5589170b66b0,5,0x558917104660,Fabe
0x558917104620,6,0x5589171046c0,Faber
0x558917104680,7,0x558917104720,Fabian
0x5589170f7080,8,0x558917104780,Fabiano
0x558917104740,7,0x5589171047e0,Fabien
0x5589170f8fc0,6,0x558917104840,Fabio
0x558917104800,5,0x5589171048a0,Fair
0x558917104860,8,0x5589171048c0,Fairfax
0x5589170fa700,10,0x558917104920,Fairleigh
0x5589171048e0,8,0x558917104980,Fairlie
0x5589170fc500,7,0x5589171049e0,Falito
0x5589171049a0,8,0x558917104a40,Falkner
0x558917102d40,4,0x558917104a60,Far
0x5589170fd240,7,0x558917104ac0,Farlay
0x558917104a80,7,0x558917104b20,Farlee
0x5589170fe680,9,0x558917104b80,Farleigh
0x558917104b40,7,0x558917104be0,Farley
0x558917100180,7,0x558917104c40,Farlie
0x558917104c00,6,0x558917104ca0,Farly
0x558917104ae0,5,0x558917104cc0,Farr
0x5589171008c0,7,0x558917104d20,Farrel
0x558917104ce0,8,0x558917104d80,Farrell
0x5589170f89c0,7,0x558917104de0,Farris
0x558917104da0,9,0x558917104e40,Faulkner
0x558917102da0,4,0x558917104e60,Fax
0x5589170fb600,9,0x558917104ec0,Federico
0x558917103000,4,0x558917104ee0,Fee
0x558917104c60,6,0x558917104f00,Felic
0x558917104e80,7,0x558917104f60,Felice
0x5589170fd0c0,8,0x558917104fc0,Felicio
0x558917104f80,7,0x558917105020,Felike
0x5589170ff180,7,0x558917105080,Feliks
0x558917105040,7,0x5589171050e0,Felipe
0x5589171050a0,6,0x558917105100,Felix
0x5589170b63f0,8,0x558917105160,Felizio
0x558917105120,7,0x5589171051c0,Feodor
0x558917104fe0,5,0x5589171051e0,Ferd
0x5589170f5b40,7,0x558917105240,Ferdie
0x558917105200,10,0x5589171052a0,Ferdinand
0x558917105180,6,0x5589171052c0,Ferdy
0x5589170f5f40,7,0x558917105320,Fergus
0x5589171052e0,9,0x558917105380,Ferguson
0x5589170f8300,9,0x5589171053e0,Fernando
0x5589171053a0,7,0x558917105440,Ferrel
0x5589170fc040,8,0x5589171054a0,Ferrell
0x558917105460,7,0x558917105500,Ferris
0x5589171054c0,6,0x558917105520,Fidel
0x5589170fc940,8,0x558917105580,Fidelio
0x558917105540,7,0x5589171055e0,Fidole
0x5589171055a0,6,0x558917105600,Field
0x5589170fdf00,9,0x558917105660,Fielding
0x558917105620,7,0x5589171056c0,Fields
0x5589170fe800,8,0x558917105720,Filbert
0x5589171056e0,9,0x558917105780,Filberte
0x5589170b6c70,9,0x5589171057e0,Filberto
0x5589171057a0,6,0x558917105840,Filip
0x5589170b75b0,8,0x5589171058a0,Filippo
0x558917105800,7,0x5589171058c0,Filmer
0x558917105860,8,0x558917105920,Filmore
0x558917104000,4,0x558917105940,Fin
0x5589170f5d40,8,0x5589171059a0,Findlay
0x558917105960,8,0x558917105a00,Findley
0x5589170f6b00,7,0x558917105a60,Finlay
0x558917105a20,7,0x558917105ac0,Finley
0x558917105340,5,0x558917105ae0,Finn
0x558917105400,5,0x558917105b00,Fitz
0x5589170f7440,11,0x558917105b60,Fitzgerald
0x558917105680,5,0x558917105b80,Flem
0x558917105a80,8,0x558917105ba0,Fleming
0x558917105b20,9,0x558917105c00,Flemming
0x5589170f8b00,7,0x558917105c60,Fletch
0x558917105c20,9,0x558917105cc0,Fletcher
0x5589171058e0,5,0x558917105d20,Flin
0x5589171059c0,6,0x558917105d40,Flinn
0x558917105c80,6,0x558917105d60,Flint
0x5589170f9bc0,8,0x558917105dc0,Florian
0x558917105d80,6,0x558917105e20,Flory
0x558917105de0,6,0x558917105e80,Floyd
0x5589170fe400,6,0x558917105ee0,Flynn
0x558917105ea0,5,0x558917105f40,Fons
0x558917105f00,7,0x558917105fa0,Fonsie
0x558917102040,5,0x558917106000,Fonz
0x558917105fc0,7,0x558917106060,Fonzie
0x558917106020,7,0x5589171060c0,Forbes
0x558917102740,5,0x558917106120,Ford
0x5589171060e0,7,0x558917106180,Forest
0x558917106140,9,0x5589171061e0,Forester
0x5589170b7b30,8,0x558917106240,Forrest
0x558917106200,10,0x5589171062a0,Forrester
0x5589170b80b0,8,0x558917106300,Forster
0x558917106260,5,0x558917106320,Foss
0x5589171062c0,7,0x558917106380,Foster
0x558917106340,7,0x5589171063e0,Fowler
0x5589171028c0,5,0x558917106440,Fran
0x558917106400,10,0x5589171064a0,Francesco
0x558917106460,9,0x5589171064c0,Franchot
0x5589170b71f0,8,0x558917106520,Francis
0x5589171064e0,10,0x558917106580,Francisco
0x5589170f6ec0,11,0x5589171065e0,Franciskus
0x5589171065a0,10,0x558917106640,Francklin
0x5589170f9f80,10,0x5589171066a0,Francklyn
0x558917106660,9,0x558917106700,Francois
0x5589171066c0,6,0x558917106720,Frank
0x5589170fa5c0,8,0x558917106780,Frankie
0x558917106740,9,0x5589171067e0,Franklin
0x5589170fb000,9,0x558917106840,Franklyn
0x558917106540,7,0x558917106860,Franky
0x5589171067a0,8,0x558917106880,Frannie
0x558917106800,7,0x5589171068e0,Franny
0x5589171068a0,6,0x558917106940,Frans
0x5589170fc380,10,0x5589171069a0,Fransisco
0x558917106960,7,0x558917106a00,Frants
0x5589171069c0,6,0x558917106a60,Franz
0x5589170ffb40,8,0x558917106ac0,Franzen
0x558917106a80,7,0x558917106b20,Frasco
0x558917106ae0,7,0x558917106b80,Fraser
0x558917102600,8,0x558917106be0,Frasier
0x558917106ba0,10,0x558917106c40,Frasquito
0x558917106c00,6,0x558917106ca0,Fraze
0x5589170f9740,7,0x558917106d00,Frazer
0x558917106cc0,8,0x558917106d60,Frazier
0x558917106d20,5,0x558917106dc0,Fred
0x5589170f75c0,8,0x558917106e20,Freddie
0x558917106de0,7,0x558917106e80,Freddy
0x558917106e40,7,0x558917106ee0,Fredek
0x5589170f7bc0,9,0x558917106f40,Frederic
0x558917106f00,10,0x558917106fa0,Frederich
0x5589170b6770,3
0x5589170d56e0,1
0x5589170d5220,2
0x5589170d51a0,1
0x5589170d4e00,1
0x5589170d4a20,3
0x5589170d4880,3
0x5589170d45a0,1
0x5589170d4620,3
0x5589170d4360,1
0x5589170d4020,3
0x5589170d3de0,1
0x5589170d3cc0,2
0x5589170d39e0,3
0x5589170d3920,2
0x5589170d3860,2
0x5589170d37a0,3
0x5589170d36c0,3
0x5589170d3300,2
0x5589170d3360,1
0x5589170d3000,3
0x5589170d2f00,3
0x5589170d2e40,2
0x5589170d2d20,1
0x5589170d2c60,1
0x5589170d46a0,1
0x5589170d2660,1
0x5589170d4940,1
0x5589170d4b40,1
0x5589170d54a0,1
0x5589170d1500,2
0x5589170d1420,1
0x5589170d13a0,1
0x5589170d12a0,3
0x5589170d11e0,2
0x5589170d1180,2
0x5589170d10a0,1
0x5589170d1000,1
0x5589170d0fa0,3
0x5589170d0f20,1
0x5589170d0ec0,3
0x5589170d0e60,3
0x5589170d0de0,1
0x5589170d0d80,2
0x5589170d0d20,2
0x5589170d0a20,1
0x5589170d0880,1
0x5589170d07a0,1
0x5589170c80a0,2
0x5589170c7e60,1
0x5589170c7c00,1
0x5589170c78e0,2
0x5589170c74e0,2
0x5589170c7360,3
0x5589170c7240,1
0x5589170c6d80,3
0x5589170c6c00,1
0x5589170c6ae0,3
0x5589170c6720,3
0x5589170c6600,2
0x5589170c6200,2
0x5589170c58e0,1
0x5589170c57a0,2
0x5589170c5680,1
0x5589170c50c0,3
0x5589170c51a0,1
0x5589170c4e00,2
0x5589170c4c60,3
0x5589170c4ec0,1
0x5589170c4820,1
0x5589170c44c0,2
0x5589170c4400,1
0x5589170c4340,3
0x5589170c4280,2
0x5589170c4140,1
0x5589170c4080,3
0x5589170c3de0,1
0x5589170c3d20,1
0x5589170c3ec0,1
0x5589170c2f40,3
0x5589170c2ee0,3
0x5589170c2e20,3
0x5589170c2c40,3
0x5589170c3fc0,1
0x5589170c2a20,2
0x5589170c2960,1
0x5589170c2860,2
0x5589170c27e0,1
0x5589170c2760,1
0x5589170c2700,2
0x5589170c26a0,3
0x5589170c2640,3
0x5589170c25e0,3
0x5589170c2580,1
0x5589170c24a0,1
0x5589170b9f40,2
0x5589170b9d60,2
0x5589170b9b20,2
0x5589170b98e0,3
0x5589170b9700,2
0x5589170b9320,3
0x5589170b8b40,3
0x5589170b8960,1
0x5589170b8760,1
0x5589170b8640,3
allocMBList:
Memory Block Address,Size,Content Starting Address,Contents
0x5589170b6330,6,0x55891710701f,Abbot
0x5589170b63b0,5,0x55891710702c,Abby
0x5589170b64f0,8,0x558917107046,Abelard
0x5589170b67b0,6,0x558917107089,Adair
0x5589170b6870,6,0x55891710709a,Adams
0x5589170b6970,5,0x5589171070b3,Addy
0x5589170b6a70,6,0x5589171070cb,Adlai
0x5589170b6bb0,8,0x5589171070e8,Adolphe
0x5589170b6e30,8,0x558917107134,Agustin
0x5589170b6ef0,6,0x558917107149,Ahmed
0x5589170b6f30,8,0x55891710714f,Ailbert
0x5589170b6ff0,3,0x558917107162,Al
0x5589170b7370,7,0x5589171071c2,Albert
0x5589170b7570,6,0x5589171071f7,Aldon
0x5589170b79f0,7,0x55891710728b,Alexei
0x5589170b7af0,6,0x5589171072a4,Alfie
0x5589170b7cf0,9,0x5589171072dc,Algernon
0x5589170b7e30,9,0x5589171072fe,Alistair
0x5589170b7fb0,6,0x558917107329,Allen
0x5589170b7ff0,6,0x55891710732f,Alley
0x5589170b8070,6,0x55891710733c,Allie
0x5589170f51c0,9,0x55891710738a,Alphonse
0x5589170f5200,9,0x558917107393,Alphonso
0x5589170f5540,6,0x5589171073e5,Amble
0x5589170f5700,8,0x55891710741a,Amerigo
0x5589170f5cc0,5,0x5589171074bd,Andy
0x5589170f6080,6,0x558917107520,Anton
0x5589170f6780,6,0x5589171075eb,Arlan
0x5589170f6900,8,0x558917107610,Armando
0x5589170f6ac0,6,0x558917107640,Arnie
0x5589170f6c00,5,0x558917107661,Aron
0x5589170f6c40,5,0x558917107666,Arri
0x5589170f6d40,5,0x55891710767c,Arte
0x5589170f6dc0,8,0x558917107689,Artemis
0x5589170f7040,6,0x5589171076c9,Arvie
0x5589170f71c0,7,0x5589171076e6,Ashbey
0x5589170f76c0,4,0x558917107775,Ave
0x5589170f7a40,6,0x5589171077cc,Aymer
0x5589170f7d40,9,0x558917107817,Bancroft
0x5589170f7d80,5,0x558917107820,Bank
0x5589170f7ec0,5,0x558917107840,Bard
0x5589170f7fc0,8,0x558917107859,Barnabe
0x5589170f8000,8,0x558917107861,Barnaby
0x5589170f8080,9,0x558917107871,Barnebas
0x5589170f8500,11,0x5589171078eb,Bartholemy
0x5589170f8780,8,0x55891710794f,Bartram
0x5589170f88c0,6,0x55891710796f,Basil
0x5589170f8900,7,0x558917107975,Basile
0x5589170f8e00,11,0x5589171079fe,Beauregard
0x5589170f9080,10,0x558917107a4e,Benedicto
0x5589170f9240,6,0x558917107a8a,Benji
0x5589170f9300,5,0x558917107a9d,Benn
0x5589170f9640,6,0x558917107af3,Berke
0x5589170f9700,8,0x558917107b09,Berkley
0x5589170f9a80,7,0x558917107b6a,Berton
0x5589170f9b80,6,0x558917107b8c,Berty
0x5589170f9d40,7,0x558917107bb1,Billie
0x5589170f9f40,6,0x558917107bdf,Bjorn
0x5589170fa080,7,0x558917107bfe,Blayne
0x5589170fa2c0,7,0x558917107c32,Bondie
0x5589170fa7c0,4,0x558917107cb0,Boy
0x5589170fab00,6,0x558917107d06,Brady
0x5589170fae00,9,0x558917107d59,Brantley
0x5589170fb300,5,0x558917107de5,Brig
0x5589170fb340,6,0x558917107dea,Brigg
0x5589170fb6c0,9,0x558917107e47,Broderic
0x5589170fba40,7,0x558917107ea8,Brucie
0x5589170fc000,7,0x558917107f33,Burlie
0x5589170fc5c0,8,0x558917107fc6,Callean
0x5589170fc7c0,6,0x558917107ff6,Carce
0x5589170fc840,6,0x558917108001,Carey
0x5589170fca40,6,0x558917108038,Carly
0x5589170fcc40,8,0x55891710806f,Carroll
0x5589170fcd40,7,0x55891710808a,Carver
0x5589170fd080,7,0x5589171080d8,Cazzie
0x5589170fd1c0,9,0x5589171080fb,Cecilius
0x5589170fd300,7,0x55891710811b,Cesare
0x5589170fd3c0,6,0x55891710812e,Chadd
0x5589170fd540,5,0x55891710815b,Chan
0x5589170fd6c0,8,0x558917108186,Charles
0x5589170fd700,8,0x55891710818e,Charley
0x5589170fd780,9,0x55891710819e,Charlton
0x5589170fd800,6,0x5589171081ac,Chase
0x5589170fda00,5,0x5589171081e1,Chet
0x5589170fdb40,6,0x558917108200,Chick
0x5589170fdc00,6,0x558917108215,Chico
0x5589170fdcc0,6,0x558917108228,Chris
0x5589170fde00,11,0x558917108251,Christiano
0x5589170fe180,6,0x5589171082df,Chuck
0x5589170fe340,7,0x558917108312,Claire
0x5589170fe3c0,6,0x558917108322,Clare
0x5589170fe540,11,0x558917108350,Claudianus
0x5589170fe580,8,0x55891710835b,Claudio
0x5589170fe640,5,0x558917108372,Clay
0x5589170fe700,11,0x55891710838a,Claybourne
0x5589170fec80,6,0x558917108433,Clint
0x5589170fef00,5,0x55891710846b,Codi
0x5589170ff480,7,0x5589171084f4,Conrad
0x5589170ff540,7,0x55891710850b,Conroy
0x5589170ff580,9,0x558917108512,Consalve
0x5589170ffa40,10,0x5589171085a1,Cornelius
0x5589170ffa80,8,0x5589171085ab,Cornell
0x5589170ffb00,7,0x5589171085ba,Cornie
0x5589170ffd80,6,0x5589171085f7,Cosme
0x5589170ffe40,6,0x558917108609,Court
0x558917100040,7,0x558917108645,Creigh
0x5589171000c0,10,0x558917108654,Creighton
0x558917100140,5,0x558917108667,Cris
0x5589171004c0,7,0x5589171086cb,Curcio
0x558917100a00,6,0x55891710874c,Dalis
0x558917100ac0,6,0x55891710875e,Dalli
0x558917100b40,7,0x55891710876b,Dallon
0x558917100bc0,5,0x55891710877a,Dalt
0x558917100c40,5,0x558917108786,Dame
0x558917100f00,7,0x5589171087c7,Dannel
0x558917101180,5,0x558917108803,Dare
0x558917101340,8,0x55891710882d,Darnall
0x5589171015c0,6,0x558917108876,Daryl
0x558917101600,7,0x55891710887c,Daryle
0x5589171019c0,5,0x5589171088d6,Witt
0x558917101b40,9,0x5589171088f5,Delainey
0x558917101e00,9,0x558917108947,Demetris
0x558917101fc0,7,0x558917108977,Denney
0x558917102880,7,0x558917108a59,Dewitt
0x5589171029c0,7,0x558917108a78,Dickie
0x5589170ba2e0,7,0x558917108a8c,Gaylor
0x5589170ba320,8,0x558917108a93,Gaylord
0x5589170ba420,5,0x558917108ab0,Geno
0x5589170ba5a0,6,0x558917108adb,Georg
0x5589170ba620,8,0x558917108ae8,Georges
0x5589170ba6e0,7,0x558917108aff,Georgy
0x5589170ba760,7,0x558917108b0d,Gerard
0x5589170ba820,8,0x558917108b22,Gerhard
0x5589170ba920,6,0x558917108b3f,Gerik
0x5589170bace0,7,0x558917108bac,Gianni
0x5589170bae00,6,0x558917108bc7,Gibby
0x5589170baec0,8,0x558917108bd9,Giffard
0x5589170baf00,7,0x558917108be1,Giffer
0x5589170bb060,9,0x558917108c05,Gilberto
0x5589170bb1a0,7,0x558917108c28,Ginger
0x5589170bb5e0,5,0x558917108ca9,Glyn
0x5589170bb660,7,0x558917108cb4,Godard
0x5589170bb9e0,7,0x558917108d1c,Gorden
0x5589170bbaa0,6,0x558917108d31,Gordy
0x5589170bbb20,10,0x558917108d3f,Gottfried
0x5589170bbc60,8,0x558917108d65,Graehme
0x5589170bbd60,5,0x558917108d81,Gram
0x5589170bbda0,5,0x558917108d86,Gran
0x5589170bbe60,8,0x558917108d9a,Grannie
0x5589170bbee0,6,0x558917108da9,Grant
0x5589170bbf20,9,0x558917108daf,Grantham
0x5589170bbfe0,10,0x558917108dca,Granville
0x5589170bc020,5,0x558917108dd4,Gray
0x5589170bc2a0,10,0x558917108e20,Grenville
0x5589170bc320,8,0x558917108e30,Griffie
0x5589170bc360,8,0x558917108e38,Griffin
0x5589170bc3e0,7,0x558917108e49,Griffy
0x5589170bc5a0,10,0x558917108e7a,Guglielmo
0x5589170bc6a0,10,0x558917108e9d,Guillermo
0x5589170bc700,6,0x558917108ea7,Gunar
0x5589170bcba0,8,0x558917108f24,Hadrian
0x5589170bcca0,6,0x558917108f3f,Haily
0x5589170bcdc0,8,0x558917108f57,Haleigh
0x5589170bcf60,6,0x558917108f7e,Hamel
0x5589170bcfe0,6,0x558917108f8a,Hamil
0x5589170bd1e0,5,0x558917108fc2,Hank
0x5589170bd320,8,0x558917108fe3,Harbert
0x5589170bd5a0,7,0x55891710902c,Harold
0x5589170bd620,5,0x55891710903a,Harp
0x5589170bd820,5,0x558917109072,Harv
0x5589170bd920,8,0x55891710908f,Hasheem
0x5589170bd9e0,8,0x5589171090a5,Haskell
0x5589170bdb60,7,0x5589171090d1,Hayden
0x5589170bdc20,8,0x5589171090e5,Hayward
0x5589170bdf60,10,0x558917109144,Henderson
0x5589170be120,8,0x558917109177,Herbert
0x5589170be160,7,0x55891710917f,Herbie
0x5589170be2e0,10,0x5589171091ab,Heriberto
0x5589170be360,8,0x5589171091bc,Hermann
0x5589170be3a0,7,0x5589171091c4,Hermie
0x5589170be3e0,7,0x5589171091cb,Hermon
0x5589170be5e0,8,0x558917109206,Hershel
0x5589170be740,7,0x558917109226,Hewett
0x5589170be9a0,8,0x55891710926a,Hillard
0x5589170bea60,8,0x558917109281,Hillery
0x5589170beb20,8,0x558917109299,Hillier
0x5589170beba0,8,0x5589171092a7,Hillyer
0x5589170bece0,7,0x5589171092c9,Hobard
0x5589170bed60,6,0x5589171092d7,Hobey
0x5589170bede0,6,0x5589171092e3,Hodge
0x5589170bee60,6,0x5589171092f1,Hogan
0x5589170bef60,7,0x55891710930b,Holmes
0x5589170bf020,7,0x55891710931d,Homere
0x5589170bf120,8,0x55891710933b,Horatio
0x5589170bf1a0,6,0x55891710934c,Horst
0x5589170bf320,6,0x558917109372,Howie
0x5589170bf3e0,7,0x558917109382,Hubert
0x5589170bf5e0,5,0x5589171093b7,Hugo
0x5589170bf6e0,8,0x5589171093d4,Humfrey
0x5589170bf720,8,0x5589171093dc,Humfrid
0x5589170bf760,9,0x5589171093e4,Humfried
0x5589170bf820,5,0x5589171093ff,Hunt
0x5589170bf8a0,11,0x55891710940b,Huntington
0x5589170bfa20,7,0x55891710943d,Husain
0x5589170bfda0,8,0x558917109491,Ignacio
0x5589170c0000,9,0x5589171094d1,Immanuel
0x5589170c0040,8,0x5589171094da,Ingamar
0x5589170c0100,8,0x5589171094f2,Ingemar
0x5589170c0200,7,0x558917109511,Ingmar
0x5589170c0600,4,0x558917109573,Isa
0x5589170c0640,6,0x558917109577,Isaac
0x5589170c0680,6,0x55891710957d,Isaak
0x5589170c0700,7,0x558917109588,Isacco
0x5589170c07c0,7,0x55891710959e,Isaiah
0x5589170c0800,5,0x5589171095a5,Isak
0x5589170c0840,7,0x5589171095aa,Isiahi
0x5589170c08c0,8,0x5589171095b8,Isidore
0x5589170c0a80,5,0x5589171095e7,Ivar
0x5589170c0b40,5,0x5589171095f5,Ives
0x5589170c0b80,5,0x5589171095fa,Ivor
0x5589170c0c00,5,0x558917109605,Izak
0x5589170c0d40,8,0x558917109621,Jackson
0x5589170c0ec0,6,0x558917109648,Jaime
0x5589170c10c0,8,0x558917109679,Jameson
0x5589170c11c0,6,0x558917109694,Jamil
0x5589170c1200,7,0x55891710969a,Jamill
0x5589170c1280,7,0x5589171096a9,Jammal
0x5589170c12c0,4,0x5589171096b0,Jan
0x5589170c1340,6,0x5589171096ba,Janos
0x5589170c1380,6,0x5589171096c0,Jarad
0x5589170c1400,6,0x5589171096cb,Jareb
0x5589170c15c0,8,0x5589171096f8,Jarrett
0x5589170c1740,6,0x558917109720,Jason
0x5589170c1880,5,0x55891710973e,Jaye
0x5589170c1940,7,0x558917109750,Jayson
0x5589170c1980,7,0x558917109757,Jdavie
0x5589170c19c0,5,0x55891710975e,Jean
0x5589170c1a80,5,0x55891710976d,Jedd
0x5589170c1ac0,6,0x558917109772,Jeddy
0x5589170c1b00,9,0x558917109778,Jedediah
0x5589170c1c00,10,0x558917109798,Jefferson
0x5589170c1c40,7,0x5589171097a2,Jeffie
0x5589170c1d00,6,0x5589171097b8,Jeffy
0x5589170c1d40,5,0x5589171097be,Jehu
0x5589170c1dc0,5,0x5589171097c8,Jens
0x5589170c1f80,7,0x5589171097f8,Jereme
0x5589170c20c0,8,0x558917109820,Jermain
0x5589170c8820,6,0x558917109892,Meryl
0x5589170c88c0,6,0x55891710989e,Micah
0x5589170c8980,7,0x5589171098b4,Michal
0x5589170c8a00,8,0x5589171098c3,Micheal
0x5589170c8ac0,8,0x5589171098da,Michele
0x5589170c8b40,7,0x5589171098e7,Mickey
0x5589170c8b80,7,0x5589171098ee,Mickie
0x5589170c8bc0,6,0x5589171098f5,Micky
0x5589170c8c40,7,0x558917109902,Mikael
0x5589170c8d00,6,0x558917109914,Mikey
0x5589170c8d80,6,0x558917109921,Mikol
0x5589170c8dc0,5,0x558917109927,Mile
0x5589170c8e80,8,0x558917109937,Millard
0x5589170c8ec0,7,0x55891710993f,Miller
0x5589170c8f00,5,0x558917109946,Milo
0x5589170c8f40,5,0x55891710994b,Milt
0x5589170c90c0,7,0x558917109970,Mischa
0x5589170c9180,8,0x558917109986,Mitchel
0x5589170c9220,9,0x558917109997,Mohammed
0x5589170c9260,9,0x5589171099a0,Mohandas
0x5589170c92a0,9,0x5589171099a9,Mohandis
0x5589170c92e0,6,0x5589171099b2,Moise
0x5589170c93a0,6,0x5589171099c6,Monro
0x5589170c9420,9,0x5589171099d3,Montague
0x5589170c94a0,11,0x5589171099e2,Montgomery
0x5589170c9520,6,0x5589171099f3,Monty
0x5589170c9560,6,0x5589171099f9,Moore
0x5589170c9620,6,0x558917109a0d,Mordy
0x5589170c9660,6,0x558917109a13,Morey
0x5589170c96e0,7,0x558917109a20,Morgen
0x5589170c9720,7,0x558917109a27,Morgun
0x5589170c9760,6,0x558917109a2e,Morie
0x5589170c97e0,7,0x558917109a3b,Morlee
0x5589170c9820,7,0x558917109a42,Morley
0x5589170c9860,6,0x558917109a49,Morly
0x5589170c99a0,5,0x558917109a69,Mort
0x5589170c9a20,7,0x558917109a75,Mortie
0x5589170c9a60,9,0x558917109a7c,Mortimer
0x5589170c9aa0,7,0x558917109a85,Morton
0x5589170c9b60,6,0x558917109a97,Moses
0x5589170c9ba0,6,0x558917109a9d,Moshe
0x5589170c9be0,5,0x558917109aa3,Moss
0x5589170c9c20,6,0x558917109aa8,Mozes
0x5589170c9c60,7,0x558917109aae,Muffin
0x5589170c9ce0,7,0x558917109abe,Munmro
0x5589170c9d20,7,0x558917109ac5,Munroe
0x5589170c9d60,8,0x558917109acc,Murdoch
0x5589170c9da0,8,0x558917109ad4,Murdock
0x5589170c9de0,7,0x558917109adc,Murray
0x5589170c9ec0,5,0x558917109af0,Myca
0x5589170c9f80,5,0x558917109b02,Myer
0x5589170c9fc0,6,0x558917109b07,Myles
0x5589170ca000,5,0x558917109b0d,Mylo
0x5589170ca100,6,0x558917109b26,Nahum
0x5589170ca1a0,7,0x558917109b35,Nappie
0x5589170ca1e0,6,0x558917109b3c,Nappy
0x5589170ca280,7,0x558917109b48,Natale
0x5589170ca2c0,9,0x558917109b4f,Nataniel
0x5589170ca340,7,0x558917109b5d,Nathan
0x5589170ca380,10,0x558917109b64,Nathanael
0x5589170ca400,10,0x558917109b78,Nathaniel
0x5589170ca4c0,5,0x558917109b91,Neal
0x5589170ca500,6,0x558917109b96,Neale
0x5589170ca5c0,8,0x558917109ba9,Nealson
0x5589170ca600,6,0x558917109bb1,Nealy
0x5589170ca6a0,6,0x558917109bbe,Neddy
0x5589170ca760,9,0x558917109bcf,Nehemiah
0x5589170ca7e0,6,0x558917109bdd,Neill
0x5589170ca820,6,0x558917109be3,Neils
0x5589170ca860,5,0x558917109be9,Nels
0x5589170ca8a0,7,0x558917109bee,Nelson
0x5589170ca8e0,5,0x558917109bf5,Nero
0x5589170ca920,6,0x558917109bfa,Neron
0x5589170caae0,6,0x558917109c27,Nevin
0x5589170caba0,5,0x558917109c3b,Nial
0x5589170cabe0,6,0x558917109c40,Niall
0x5589170cac20,8,0x558917109c46,Niccolo
0x5589170cac60,9,0x558917109c4e,Nicholas
0x5589170cace0,8,0x558917109c5f,Nichols
0x5589170cad20,5,0x558917109c67,Nick
0x5589170cade0,6,0x558917109c7a,Nicko
0x5589170caea0,9,0x558917109c91,Nickolas
0x5589170caee0,10,0x558917109c9a,Nickolaus
0x5589170caf60,5,0x558917109caa,Nico
0x5589170cafa0,6,0x558917109caf,Nicol
0x5589170cb020,8,0x558917109cbc,Nicolai
0x5589170cb0a0,8,0x558917109ccd,Nicolas
0x5589170cb0e0,8,0x558917109cd5,Nicolis
0x5589170cb120,5,0x558917109cdd,Niel
0x5589170cb220,7,0x558917109cf3,Nikita
0x5589170cb2e0,7,0x558917109d05,Nikola
0x5589170cb360,9,0x558917109d14,Nikolaos
0x5589170cb3a0,8,0x558917109d1d,Nikolas
0x5589170cb420,8,0x558917109d2e,Nikolos
0x5589170cb4a0,4,0x558917109d3c,Nil
0x5589170cb4e0,6,0x558917109d40,Niles
0x5589170cb520,5,0x558917109d46,Nils
0x5589170cb560,7,0x558917109d4b,Nilson
0x5589170cb5e0,6,0x558917109d58,Noach
0x5589170cb620,5,0x558917109d5e,Noah
0x5589170cb660,5,0x558917109d63,Noak
0x5589170cb760,6,0x558917109d78,Noble
0x5589170cb7e0,4,0x558917109d83,Noe
0x5589170cb820,5,0x558917109d87,Noel
0x5589170cb860,6,0x558917109d8c,Nolan
0x5589170cb9e0,7,0x558917109db3,Norbie
0x5589170cba20,6,0x558917109dba,Norby
0x5589170cbaa0,8,0x558917109dc7,Normand
0x5589170cbae0,7,0x558917109dcf,Normie
0x5589170cbb60,7,0x558917109ddc,Norrie
0x5589170cbba0,7,0x558917109de3,Norris
0x5589170cbc20,6,0x558917109df0,North
0x5589170cbd20,7,0x558917109e0f,Nowell
0x5589170cbe20,8,0x558917109e28,Obadias
0x5589170cbea0,8,0x558917109e35,Obediah
0x5589170cbee0,7,0x558917109e3d,Oberon
0x5589170cbf60,5,0x558917109e4c,Obie
0x5589170cbfa0,4,0x558917109e51,Oby
0x5589170cbfe0,9,0x558917109e55,Octavius
0x5589170cc020,4,0x558917109e5e,Ode
0x5589170cc060,6,0x558917109e62,Odell
0x5589170cc160,4,0x558917109e76,Ody
0x5589170cc220,6,0x558917109e86,Ogdon
0x5589170cc2e0,4,0x558917109e96,Ole
0x5589170cc3e0,8,0x558917109eaf,Olivero
0x5589170cc460,9,0x558917109ebf,Oliviero
0x5589170cc520,6,0x558917109ed3,Olvan
0x5589170cc5a0,6,0x558917109ede,Omero
0x5589170cc5e0,6,0x558917109ee4,Onfre
0x5589170cc620,7,0x558917109eea,Onfroi
0x5589170cc660,9,0x558917109ef1,Onofredo
0x5589170cc6e0,7,0x558917109eff,Orazio
0x5589170cc7a0,5,0x558917109f14,Orin
0x5589170cc920,6,0x558917109f3a,Orren
0x5589170cc960,6,0x558917109f40,Orrin
0x5589170cc9a0,6,0x558917109f46,Orson
0x5589170cca60,8,0x558917109f56,Orville
0x5589170ccaa0,7,0x558917109f5e,Osbert
0x5589170ccae0,7,0x558917109f65,Osborn
0x5589170ccb20,8,0x558917109f6c,Osborne
0x5589170ccba0,9,0x558917109f7c,Osbourne
0x5589170ccd20,7,0x558917109fa7,Oswell
0x5589170cce60,5,0x558917109fc5,Otto
0x5589170ccf20,5,0x558917109fd5,Ozzy
0x5589170cd020,5,0x558917109fee,Paco
0x5589170cd060,8,0x558917109ff3,Pacorro
0x5589170cd1e0,8,0x55891710a01f,Padraig
0x5589170cd260,5,0x55891710a02f,Page
0x5589170cd2a0,6,0x55891710a034,Paige
0x5589170cd2e0,5,0x55891710a03a,Pail
0x5589170cd360,5,0x55891710a044,Palm
0x5589170cd3a0,7,0x55891710a049,Palmer
0x5589170cd3e0,9,0x55891710a050,Panchito
0x5589170cd460,6,0x55891710a060,Paolo
0x5589170cd4e0,8,0x55891710a06f,Paquito
0x5589170cd560,6,0x55891710a07c,Parke
0x5589170cd620,9,0x55891710a091,Parrnell
0x5589170cd660,6,0x55891710a09a,Parry
0x5589170cd6a0,9,0x55891710a0a0,Parsifal
0x5589170cd6e0,7,0x55891710a0a9,Pascal
0x5589170cd760,9,0x55891710a0b8,Pasquale
0x5589170cd7e0,5,0x55891710a0c5,Pate
0x5589170cd820,6,0x55891710a0ca,Paten
0x5589170cd860,6,0x55891710a0d0,Patin
0x5589170cd8a0,6,0x55891710a0d6,Paton
0x5589170cd8e0,7,0x55891710a0dc,Patric
0x5589170cd9a0,8,0x55891710a0f4,Patrick
0x5589170cda60,6,0x55891710a10f,Patsy
0x5589170cdb20,7,0x55891710a123,Pattin
0x5589170cdb60,7,0x55891710a12a,Patton
0x5589170cdba0,6,0x55891710a131,Patty
0x5589170cdbe0,5,0x55891710a137,Paul
0x5589170cdc60,6,0x55891710a143,Paulo
0x5589170cdce0,6,0x55891710a14f,Pavel
0x5589170cdda0,7,0x55891710a162,Paxton
0x5589170cdde0,7,0x55891710a169,Payton
0x5589170cde20,7,0x55891710a170,Peadar
0x5589170cdea0,8,0x55891710a17e,Pebrook
0x5589170cdee0,6,0x55891710a186,Peder
0x5589170cdf20,6,0x55891710a18c,Pedro
0x5589170cdf60,7,0x55891710a192,Peirce
0x5589170cdfa0,9,0x55891710a199,Pembroke
0x5589170cdfe0,4,0x55891710a1a2,Pen
0x5589170ce020,5,0x55891710a1a6,Penn
0x5589170ce160,8,0x55891710a1c4,Pepillo
0x5589170ce1a0,7,0x55891710a1cc,Pepito
0x5589170ce1e0,9,0x55891710a1d3,Perceval
0x5589170ce320,8,0x55891710a1f9,Pernell
0x5589170ce360,7,0x55891710a201,Perren
0x5589170ce3a0,6,0x55891710a208,Perry
0x5589170ce460,8,0x55891710a219,Peterus
0x5589170ce4a0,6,0x55891710a221,Petey
0x5589170ce5a0,5,0x55891710a23a,Phil
0x5589170ce660,8,0x55891710a24f,Phillip
0x5589170ce6e0,9,0x55891710a260,Phillipp
0x5589170ce760,5,0x55891710a271,Phip
0x5589170ce7e0,7,0x55891710a27d,Pierre
0x5589170ce820,8,0x55891710a284,Pierson
0x5589170ce860,7,0x55891710a28c,Pieter
0x5589170ce8a0,8,0x55891710a293,Pietrek
0x5589170ce920,6,0x55891710a2a2,Piggy
0x5589170ceaa0,6,0x55891710a2c8,Pippo
0x5589170ceae0,5,0x55891710a2ce,Pooh
0x5589170ceb20,5,0x55891710a2d3,Port
0x5589170cec20,5,0x55891710a2ec,Poul
0x5589170cec60,7,0x55891710a2f1,Powell
0x5589170cece0,6,0x55891710a2fd,Prent
0x5589170ced20,9,0x55891710a303,Prentice
0x5589170cee20,6,0x55891710a326,Price
0x5589170cee60,7,0x55891710a32c,Prince
0x5589170ceea0,6,0x55891710a333,Prinz
0x5589170cef60,8,0x55891710a344,Purcell
0x5589170cefe0,7,0x55891710a353,Putnem
0x5589170cf060,6,0x55891710a360,Quent
0x5589170cf0a0,8,0x55891710a366,Quentin
0x5589170cf120,8,0x55891710a374,Quillan
0x5589170cf1a0,7,0x55891710a384,Quincy
0x5589170cf260,6,0x55891710a399,Quint
0x5589170cf2a0,8,0x55891710a39f,Quintin
0x5589170cf2e0,8,0x55891710a3a7,Quinton
0x5589170cf3e0,5,0x55891710a3c1,Rabi
0x5589170cf420,4,0x55891710a3c6,Rad
0x5589170cf520,7,0x55891710a3e1,Rafael
0x5589170cf560,10,0x55891710a3e8,Rafaellle
0x5589170cf5a0,9,0x55891710a3f2,Rafaello
0x5589170cf5e0,5,0x55891710a3fb,Rafe
0x5589170cf620,5,0x55891710a400,Raff
0x5589170cf720,5,0x55891710a421,Rafi
0x5589170cf760,7,0x55891710a426,Ragnar
0x5589170cf860,7,0x55891710a447,Rainer
0x5589170cf8a0,8,0x55891710a44e,Raleigh
0x5589170cf920,6,0x55891710a45b,Ralph
0x5589170cf960,4,0x55891710a461,Ram
0x5589170cf9a0,6,0x55891710a465,Ramon
0x5589170cf9e0,7,0x55891710a46b,Ramsay
0x5589170cfa20,7,0x55891710a472,Ramsey
0x5589170cfa60,6,0x55891710a479,Rance
0x5589170cfaa0,8,0x55891710a47f,Rancell
0x5589170cfae0,5,0x55891710a487,Rand
0x5589170cfb20,7,0x55891710a48c,Randal
0x5589170cfb60,8,0x55891710a493,Randall
0x5589170cfc60,8,0x55891710a4b0,Randolf
0x5589170cfd20,8,0x55891710a4c7,Ransell
0x5589170cfd60,7,0x55891710a4cf,Ransom
0x5589170cfe20,5,0x55891710a4e4,Raul
0x5589170cfe60,5,0x55891710a4e9,Ravi
0x5589170cff60,4,0x55891710a501,Ray
0x5589170cffe0,8,0x55891710a50d,Raymund
0x5589170d0020,8,0x55891710a515,Raynard
0x5589170d0060,7,0x55891710a51d,Rayner
0x5589170d00a0,7,0x55891710a524,Raynor
0x5589170d0120,6,0x55891710a530,Reade
0x5589170d0160,7,0x55891710a536,Reagan
0x5589170d0220,4,0x55891710a54c,Red
0x5589170d02a0,8,0x55891710a555,Redford
0x5589170d02e0,6,0x55891710a55d,Reece
0x5589170d0320,5,0x55891710a563,Reed
0x5589170d56a0,8,0x55891710a56d,Tedmund
0x5589170d5740,7,0x55891710a575,Temple
0x5589170d5780,10,0x55891710a57c,Templeton
0x5589170d57c0,8,0x55891710a586,Teodoor
0x5589170d5800,7,0x55891710a58e,Teodor
0x5589170d5840,10,0x55891710a595,Teodorico
0x5589170d5880,8,0x55891710a59f,Teodoro
0x5589170d58c0,8,0x55891710a5a7,Terence
0x5589170d5900,9,0x55891710a5af,Terencio
0x5589170d5940,9,0x55891710a5b8,Terrance
0x5589170d5980,7,0x55891710a5c1,Terrel
0x5589170d59c0,8,0x55891710a5c8,Terrell
0x5589170d5a00,9,0x55891710a5d0,Terrence
0x5589170d5a40,6,0x55891710a5d9,Terri
0x5589170d5a80,8,0x55891710a5df,Terrill
0x5589170d5ac0,6,0x55891710a5e7,Terry
0x5589170d5b00,8,0x55891710a5ed,Thacher
0x5589170d5b40,9,0x55891710a5f5,Thaddeus
0x5589170d5b80,8,0x55891710a5fe,Thaddus
0x5589170d5bc0,8,0x55891710a606,Thadeus
0x5589170d5c00,6,0x55891710a60e,Thain
0x5589170d5c40,7,0x55891710a614,Thaine
0x5589170d5c80,6,0x55891710a61b,Thane
0x5589170d5cc0,7,0x55891710a621,Thatch
0x5589170d5d00,9,0x55891710a628,Thatcher
0x5589170d5d40,8,0x55891710a631,Thaxter
0x5589170d5d80,7,0x55891710a639,Thayne
0x5589170d5dc0,9,0x55891710a640,Thebault
0x5589170d5e00,8,0x55891710a649,Thedric
0x5589170d5e40,9,0x55891710a651,Thedrick
0x5589170d5e80,5,0x55891710a65a,Theo
0x5589170d5ec0,9,0x55891710a65f,Theobald
0x5589170d5f00,8,0x55891710a668,Theodor
0x5589170d5f40,9,0x55891710a670,Theodore
0x5589170d5f80,10,0x55891710a679,Theodoric
0x5589170d5fc0,8,0x55891710a683,Thibaud
0x5589170d6000,8,0x55891710a68b,Thibaut
0x5589170d6040,5,0x55891710a693,Thom
0x5589170d6080,6,0x55891710a698,Thoma
0x5589170d60c0,7,0x55891710a69e,Thomas
0x5589170d6100,5,0x55891710a6a5,Thor
0x5589170d6140,7,0x55891710a6aa,Thorin
0x5589170d6180,6,0x55891710a6b1,Thorn
0x5589170d61c0,10,0x55891710a6b7,Thorndike
0x5589170d6200,8,0x55891710a6c1,Thornie
0x5589170d6240,9,0x55891710a6c9,Thornton
0x5589170d6280,7,0x55891710a6d2,Thorny
0x5589170d62c0,7,0x55891710a6d9,Thorpe
0x5589170d6300,10,0x55891710a6e0,Thorstein
0x5589170d6340,9,0x55891710a6ea,Thorsten
0x5589170d6380,9,0x55891710a6f3,Thorvald
0x5589170d63c0,9,0x55891710a6fc,Thurstan
0x5589170d6400,9,0x55891710a705,Thurston
0x5589170d6440,7,0x55891710a70e,Tibold
0x5589170d6480,8,0x55891710a715,Tiebold
0x5589170d64c0,8,0x55891710a71d,Tiebout
0x5589170d6500,6,0x55891710a725,Tiler
0x5589170d6540,4,0x55891710a72b,Tim
0x5589170d6580,7,0x55891710a72f,Timmie
0x5589170d65c0,6,0x55891710a736,Timmy
0x5589170d6600,8,0x55891710a73c,Timofei
0x5589170d6640,8,0x55891710a744,Timoteo
0x5589170d6680,9,0x55891710a74c,Timothee
0x5589170d66c0,10,0x55891710a755,Timotheus
0x5589170d6700,8,0x55891710a75f,Timothy
0x5589170d6740,8,0x55891710a767,Tirrell
0x5589170d6780,5,0x55891710a76f,Tito
0x5589170d67c0,6,0x55891710a774,Titos
0x5589170d6800,6,0x55891710a77a,Titus
0x5589170d6840,5,0x55891710a780,Tobe
0x5589170d6880,7,0x55891710a785,Tobiah
0x5589170d68c0,7,0x55891710a78c,Tobias
0x5589170d6900,6,0x55891710a793,Tobie
0x5589170d6940,6,0x55891710a799,Tobin
0x5589170d6980,6,0x55891710a79f,Tobit
0x5589170d69c0,5,0x55891710a7a5,Toby
0x5589170d6a00,4,0x55891710a7aa,Tod
0x5589170d6a40,5,0x55891710a7ae,Todd
0x5589170d6a80,7,0x55891710a7b3,Toddie
0x5589170d6ac0,6,0x55891710a7ba,Toddy
0x5589170d6b00,8,0x55891710a7c0,Toiboid
0x5589170d6b40,4,0x55891710a7c8,Tom
0x5589170d6b80,6,0x55891710a7cc,Tomas
0x5589170d6bc0,7,0x55891710a7d2,Tomaso
0x5589170d6c00,5,0x55891710a7d9,Tome
0x5589170d6c40,7,0x55891710a7de,Tomkin
0x5589170d6c80,7,0x55891710a7e5,Tomlin
0x5589170d6cc0,7,0x55891710a7ec,Tommie
0x5589170d6d00,6,0x55891710a7f3,Tommy
0x5589170d6d40,7,0x55891710a7f9,Tonnie
0x5589170d6d80,5,0x55891710a800,Tony
0x5589170d6dc0,5,0x55891710a805,Tore
0x5589170d6e00,6,0x55891710a80a,Torey
0x5589170d6e40,6,0x55891710a810,Torin
0x5589170d6e80,5,0x55891710a816,Torr
0x5589170d6ec0,9,0x55891710a81b,Torrance
0x5589170d6f00,6,0x55891710a824,Torre
0x5589170d6f40,9,0x55891710a82a,Torrence
0x5589170d6f80,7,0x55891710a833,Torrey
0x5589170d6fc0,7,0x55891710a83a,Torrin
0x5589170d7000,6,0x55891710a841,Torry
0x5589170d7040,5,0x55891710a847,Town
0x5589170d7080,7,0x55891710a84c,Towney
0x5589170d70c0,7,0x55891710a853,Townie
0x5589170d7100,9,0x55891710a85a,Townsend
0x5589170d7140,6,0x55891710a863,Towny
0x5589170d7180,6,0x55891710a869,Trace
0x5589170d71c0,7,0x55891710a86f,Tracey
0x5589170d7200,7,0x55891710a876,Tracie
0x5589170d7240,6,0x55891710a87d,Tracy
0x5589170d7280,7,0x55891710a883,Traver
0x5589170d72c0,8,0x55891710a88a,Travers
0x5589170d7300,7,0x55891710a892,Travis
0x5589170d7340,7,0x55891710a899,Travus
0x5589170d7380,7,0x55891710a8a0,Trefor
0x5589170d73c0,8,0x55891710a8a7,Tremain
0x5589170d7400,9,0x55891710a8af,Tremaine
0x5589170d7440,9,0x55891710a8b8,Tremayne
0x5589170d7480,6,0x55891710a8c1,Trent
0x5589170d74c0,8,0x55891710a8c7,Trenton
0x5589170d7500,5,0x55891710a8cf,Trev
0x5589170d7540,7,0x55891710a8d4,Trevar
0x5589170d7580,7,0x55891710a8db,Trever
0x5589170d75c0,7,0x55891710a8e2,Trevor
0x5589170d7600,5,0x55891710a8e9,Trey
0x5589170d7640,5,0x55891710a8ee,Trip
0x5589170d7680,6,0x55891710a8f3,Tripp
0x5589170d76c0,5,0x55891710a8f9,Tris
0x5589170d7700,8,0x55891710a8fe,Tristam
0x5589170d7740,8,0x55891710a906,Tristan
0x5589170d7780,5,0x55891710a90e,Troy
0x5589170d77c0,8,0x55891710a913,Trstram
0x5589170d7800,8,0x55891710a91b,Trueman
0x5589170d7840,9,0x55891710a923,Trumaine
0x5589170d7880,7,0x55891710a92c,Truman
0x5589170d78c0,8,0x55891710a933,Trumann
0x5589170d7900,5,0x55891710a93b,Tuck
0x5589170d7940,7,0x55891710a940,Tucker
0x5589170d7980,7,0x55891710a947,Tuckie
0x5589170d79c0,6,0x55891710a94e,Tucky
0x5589170d7a00,6,0x55891710a954,Tudor
0x5589170d7a40,5,0x55891710a95a,Tull
0x5589170d7a80,7,0x55891710a95f,Tulley
0x5589170d7ac0,6,0x55891710a966,Tully
0x5589170d7b00,7,0x55891710a96c,Turner
0x5589170d7b60,7,0x55891710a973,Tybalt
0x5589170d7ba0,4,0x55891710a97a,Tye
0x5589170d7be0,6,0x55891710a97e,Tyler
0x5589170d7c20,6,0x55891710a984,Tymon
0x5589170d7c60,8,0x55891710a98a,Tymothy
0x5589170d7ca0,6,0x55891710a992,Tynan
0x5589170d7ce0,7,0x55891710a998,Tyrone
0x5589170d7d20,6,0x55891710a99f,Tyrus
0x5589170d7d60,6,0x55891710a9a5,Tyson
0x5589170d7da0,6,0x55891710a9ab,Udale
0x5589170d7de0,6,0x55891710a9b1,Udall
0x5589170d7e20,6,0x55891710a9b7,Udell
0x5589170d7e60,4,0x55891710a9bd,Ugo
0x5589170d7ea0,8,0x55891710a9c1,Ulberto
0x5589170d7ee0,6,0x55891710a9c9,Ulick
0x5589170d7f20,7,0x55891710a9cf,Ulises
0x5589170d7f60,6,0x55891710a9d6,Ulric
0x5589170d7fa0,7,0x55891710a9dc,Ulrich
0x5589170d7fe0,7,0x55891710a9e3,Ulrick
0x5589170d8020,8,0x55891710a9ea,Ulysses
0x5589170d8060,8,0x55891710a9f2,Umberto
0x5589170d80a0,6,0x55891710a9fa,Upton
0x5589170d80e0,7,0x55891710aa00,Urbain
0x5589170d8120,6,0x55891710aa07,Urban
0x5589170d8160,7,0x55891710aa0d,Urbano
0x5589170d81a0,8,0x55891710aa14,Urbanus
0x5589170d81e0,4,0x55891710aa1c,Uri
0x5589170d8220,6,0x55891710aa20,Uriah
0x5589170d8260,6,0x55891710aa26,Uriel
0x5589170d82a0,6,0x55891710aa2c,Urson
0x5589170d82e0,7,0x55891710aa32,Vachel
0x5589170d8320,7,0x55891710aa39,Vaclav
0x5589170d8360,5,0x55891710aa40,Vail
0x5589170d83a0,4,0x55891710aa45,Val
0x5589170d83e0,9,0x55891710aa49,Valdemar
0x5589170d8420,5,0x55891710aa52,Vale
0x5589170d8460,10,0x55891710aa57,Valentijn
0x5589170d84a0,9,0x55891710aa61,Valentin
0x5589170d84e0,10,0x55891710aa6a,Valentine
0x5589170d8520,10,0x55891710aa74,Valentino
0x5589170d8560,6,0x55891710aa7e,Valle
0x5589170d85a0,4,0x55891710aa84,Van
0x5589170d85e0,6,0x55891710aa88,Vance
0x5589170d8620,6,0x55891710aa8e,Vanya
0x5589170d8660,7,0x55891710aa94,Vasili
0x5589170d86a0,8,0x55891710aa9b,Vasilis
0x5589170d86e0,7,0x55891710aaa3,Vasily
0x5589170d8720,8,0x55891710aaaa,Vassili
0x5589170d8760,8,0x55891710aab2,Vassily
0x5589170d87a0,8,0x55891710aaba,Vaughan
0x5589170d87e0,7,0x55891710aac2,Vaughn
0x5589170d8820,6,0x55891710aac9,Verge
0x5589170d8860,7,0x55891710aacf,Vergil
0x5589170d88a0,5,0x55891710aad6,Vern
0x5589170d88e0,6,0x55891710aadb,Verne
0x5589170d8920,7,0x55891710aae1,Vernen
0x5589170d8960,7,0x55891710aae8,Verney
0x5589170d89a0,7,0x55891710aaef,Vernon
0x5589170d89e0,7,0x55891710aaf6,Vernor
0x5589170d8a20,4,0x55891710aafd,Vic
0x5589170d8a60,5,0x55891710ab01,Vick
0x5589170d8aa0,8,0x55891710ab06,Victoir
0x5589170d8ae0,7,0x55891710ab0e,Victor
0x5589170d8b20,8,0x55891710ab15,Vidovic
0x5589170d8b60,8,0x55891710ab1d,Vidovik
0x5589170d8ba0,4,0x55891710ab25,Vin
0x5589170d8be0,6,0x55891710ab29,Vince
0x5589170d8c20,8,0x55891710ab2f,Vincent
0x5589170d8c60,9,0x55891710ab37,Vincents
0x5589170d8ca0,9,0x55891710ab40,Vincenty
0x5589170d8ce0,8,0x55891710ab49,Vincenz
0x5589170d8d20,7,0x55891710ab51,Vinnie
0x5589170d8d60,6,0x55891710ab58,Vinny
0x5589170d8da0,7,0x55891710ab5e,Vinson
0x5589170d8de0,6,0x55891710ab65,Virge
0x5589170d8e20,7,0x55891710ab6b,Virgie
0x5589170d8e60,7,0x55891710ab72,Virgil
0x5589170d8ea0,9,0x55891710ab79,Virgilio
0x5589170d8ee0,5,0x55891710ab82,Vite
0x5589170d8f20,5,0x55891710ab87,Vito
0x5589170d8f60,9,0x55891710ab8c,Vittorio
0x5589170d8fa0,5,0x55891710ab95,Vlad
0x5589170d8fe0,9,0x55891710ab9a,Vladamir
0x5589170d9020,9,0x55891710aba3,Vladimir
0x5589170d9060,4,0x55891710abac,Von
0x5589170d90a0,5,0x55891710abb0,Wade
0x5589170d90e0,10,0x55891710abb5,Wadsworth
0x5589170d9120,5,0x55891710abbf,Wain
0x5589170d9160,11,0x55891710abc4,Wainwright
0x5589170d91a0,5,0x55891710abcf,Wait
0x5589170d91e0,6,0x55891710abd4,Waite
0x5589170d9220,7,0x55891710abda,Waiter
0x5589170d9260,5,0x55891710abe1,Wake
0x5589170d92a0,10,0x55891710abe6,Wakefield
0x5589170d92e0,5,0x55891710abf0,Wald
0x5589170d9320,9,0x55891710abf5,Waldemar
0x5589170d9360,7,0x55891710abfe,Walden
0x5589170d93a0,6,0x55891710ac05,Waldo
0x5589170d93e0,7,0x55891710ac0b,Waldon
0x5589170d9420,7,0x55891710ac12,Walker
0x5589170d9460,8,0x55891710ac19,Wallace
0x5589170d94a0,9,0x55891710ac21,Wallache
0x5589170d94e0,7,0x55891710ac2a,Wallas
0x5589170d9520,7,0x55891710ac31,Wallie
0x5589170d9560,7,0x55891710ac38,Wallis
0x5589170d95a0,6,0x55891710ac3f,Wally
0x5589170d95e0,6,0x55891710ac45,Walsh
0x5589170d9620,5,0x55891710ac4b,Walt
0x5589170d9660,8,0x55891710ac50,Walther
0x5589170d96a0,7,0x55891710ac58,Walton
0x5589170d96e0,5,0x55891710ac5f,Wang
0x5589170d9720,5,0x55891710ac64,Ward
0x5589170d9760,6,0x55891710ac69,Warde
0x5589170d97a0,7,0x55891710ac6f,Warden
0x5589170d97e0,5,0x55891710ac76,Ware
0x5589170d9820,7,0x55891710ac7b,Waring
0x5589170d9860,7,0x55891710ac82,Warner
0x5589170d98a0,7,0x55891710ac89,Warren
0x5589170d98e0,5,0x55891710ac90,Wash
0x5589170d9920,11,0x55891710ac95,Washington
0x5589170d9960,4,0x55891710aca0,Wat
0x5589170d99a0,9,0x55891710aca4,Waverley
0x5589170d99e0,8,0x55891710acad,Waverly
0x5589170d9a20,4,0x55891710acb5,Way
0x5589170d9a60,7,0x55891710acb9,Waylan
0x5589170d9aa0,8,0x55891710acc0,Wayland
0x5589170d9ae0,7,0x55891710acc8,Waylen
0x5589170d9b20,7,0x55891710accf,Waylin
0x5589170d9b60,7,0x55891710acd6,Waylon
0x5589170d9ba0,6,0x55891710acdd,Wayne
0x5589170d9be0,4,0x55891710ace3,Web
0x5589170d9c20,5,0x55891710ace7,Webb
0x5589170d9c60,6,0x55891710acec,Weber
0x5589170d9ca0,8,0x55891710acf2,Webster
0x5589170d9ce0,7,0x55891710acfa,Weidar
0x5589170d9d20,7,0x55891710ad01,Weider
0x5589170d9d60,7,0x55891710ad08,Welbie
0x5589170d9da0,6,0x55891710ad0f,Welby
0x5589170d9de0,6,0x55891710ad15,Welch
0x5589170d9e20,6,0x55891710ad1b,Wells
0x5589170d9e60,6,0x55891710ad21,Welsh
0x5589170d9ea0,8,0x55891710ad27,Wendall
0x5589170d9ee0,7,0x55891710ad2f,Wendel
0x5589170d9f20,8,0x55891710ad36,Wendell
0x5589170d9f60,7,0x55891710ad3e,Werner
0x5589170d9fa0,8,0x55891710ad45,Wernher
0x5589170d9fe0,4,0x55891710ad4d,Wes
0x5589170da020,7,0x55891710ad51,Wesley
0x5589170da060,5,0x55891710ad58,West
0x5589170da0a0,10,0x55891710ad5d,Westbrook
0x5589170da0e0,11,0x55891710ad67,Westbrooke
0x5589170da120,10,0x55891710ad72,Westleigh
0x5589170da160,8,0x55891710ad7c,Westley
0x5589170da1a0,7,0x55891710ad84,Weston
0x5589170da1e0,7,0x55891710ad8b,Weylin
0x5589170da220,8,0x55891710ad92,Wheeler
0x5589170da260,5,0x55891710ad9a,Whit
0x5589170da2a0,9,0x55891710ad9f,Whitaker
0x5589170da2e0,7,0x55891710ada8,Whitby
0x5589170da320,8,0x55891710adaf,Whitman
0x5589170da360,8,0x55891710adb7,Whitney
0x5589170da3a0,10,0x55891710adbf,Whittaker
0x5589170da3e0,6,0x55891710adc9,Wiatt
0x5589170da420,8,0x55891710adcf,Wilbert
0x5589170da460,7,0x55891710add7,Wilbur
0x5589170da4a0,8,0x55891710adde,Wilburt
0x5589170da4e0,7,0x55891710ade6,Wilden
0x5589170da520,7,0x55891710aded,Wildon
0x5589170da560,6,0x55891710adf4,Wilek
0x5589170da5a0,6,0x55891710adfa,Wiley
0x5589170da5e0,8,0x55891710ae00,Wilfred
0x5589170da620,8,0x55891710ae08,Wilfrid
0x5589170da660,8,0x55891710ae10,Wilhelm
0x5589170da6a0,5,0x55891710ae18,Will
0x5589170da6e0,8,0x55891710ae1d,Willard
0x5589170da720,8,0x55891710ae25,Willdon
0x5589170da760,7,0x55891710ae2d,Willem
0x5589170da7a0,7,0x55891710ae34,Willey
0x5589170da7e0,6,0x55891710ae3b,Willi
0x5589170da820,8,0x55891710ae41,William
0x5589170da860,7,0x55891710ae49,Willie
0x5589170da8a0,7,0x55891710ae50,Willis
0x5589170da8e0,6,0x55891710ae57,Willy
0x5589170da920,7,0x55891710ae5d,Wilmar
0x5589170da960,7,0x55891710ae64,Wilmer
0x5589170da9a0,5,0x55891710ae6b,Wilt
0x5589170da9e0,7,0x55891710ae70,Wilton
0x5589170daa20,4,0x55891710ae77,Win
0x5589170daa60,8,0x55891710ae7b,Windham
0x5589170daaa0,9,0x55891710ae83,Winfield
0x5589170daae0,8,0x55891710ae8c,Winfred
0x5589170dab20,10,0x55891710ae94,Winifield
0x5589170dab60,5,0x55891710ae9e,Winn
0x5589170daba0,7,0x55891710aea3,Winnie
0x5589170dabe0,6,0x55891710aeaa,Winny
0x5589170dac20,8,0x55891710aeb0,Winslow
0x5589170dac60,8,0x55891710aeb8,Winston
0x5589170daca0,9,0x55891710aec0,Winthrop
0x5589170dace0,4,0x55891710aec9,Wit
0x5589170dad20,7,0x55891710aecd,Wittie
0x5589170dad60,6,0x55891710aed4,Witty
0x5589170dada0,5,0x55891710aeda,Wolf
0x5589170dade0,9,0x55891710aedf,Wolfgang
0x5589170dae20,7,0x55891710aee8,Wolfie
0x5589170dae60,6,0x55891710aeef,Wolfy
0x5589170daea0,5,0x55891710aef5,Wood
0x5589170daee0,7,0x55891710aefa,Woodie
0x5589170daf20,8,0x55891710af01,Woodman
0x5589170daf60,8,0x55891710af09,Woodrow
0x5589170dafa0,6,0x55891710af11,Woody
0x5589170dafe0,7,0x55891710af17,Worden
0x5589170db020,6,0x55891710af1e,Worth
0x5589170db060,12,0x55891710af24,Worthington
0x5589170db0a0,7,0x55891710af30,Worthy
0x5589170db0e0,7,0x55891710af37,Wright
0x5589170db120,7,0x55891710af3e,Wyatan
0x5589170db160,6,0x55891710af45,Wyatt
0x5589170db1a0,4,0x55891710af4b,Wye
0x5589170db1e0,6,0x55891710af4f,Wylie
0x5589170db220,4,0x55891710af55,Wyn
0x5589170db260,8,0x55891710af59,Wyndham
0x5589170db2a0,5,0x55891710af61,Wynn
0x5589170db2e0,7,0x55891710af66,Xavier
0x5589170db320,6,0x55891710af6d,Xenos
0x5589170db360,7,0x55891710af73,Xerxes
0x5589170db3a0,6,0x55891710af7a,Xever
0x5589170db3e0,8,0x55891710af80,Ximenes
0x5589170db420,8,0x55891710af88,Ximenez
0x5589170db460,8,0x55891710af90,Xymenes
0x5589170db4a0,5,0x55891710af98,Yale
0x5589170db4e0,8,0x55891710af9d,Yanaton
0x5589170db520,6,0x55891710afa5,Yance
0x5589170db560,7,0x55891710afab,Yancey
0x5589170db5a0,6,0x55891710afb2,Yancy
0x5589170db5e0,5,0x55891710afb8,Yank
0x5589170db620,7,0x55891710afbd,Yankee
0x5589170db660,5,0x55891710afc4,Yard
0x5589170db6a0,8,0x55891710afc9,Yardley
0x5589170db6e0,7,0x55891710afd1,Yehudi
0x5589170db720,8,0x55891710afd8,Yehudit
0x5589170db760,6,0x55891710afe0,Yorgo
0x5589170db7a0,7,0x55891710afe6,Yorgos
0x5589170db7e0,5,0x55891710afed,York
0x5589170db820,6,0x55891710aff2,Yorke
0x5589170db860,7,0x55891710aff8,Yorker
0x5589170db8a0,4,0x55891710afff,Yul
0x5589170db8e0,5,0x55891710b003,Yule
0x5589170db920,6,0x55891710b008,Yulma
0x5589170db960,5,0x55891710b00e,Yuma
0x5589170db9a0,5,0x55891710b013,Yuri
0x5589170db9e0,6,0x55891710b018,Yurik
0x5589170dba20,5,0x55891710b01e,Yves
0x5589170dba60,5,0x55891710b023,Yvon
0x5589170dbaa0,5,0x55891710b028,Yvor
0x5589170dbae0,9,0x55891710b02d,Zaccaria
0x5589170dbb20,5,0x55891710b036,Zach
0x5589170dbb60,9,0x55891710b03b,Zacharia
0x5589170dbba0,10,0x55891710b044,Zachariah
0x5589170dbbe0,10,0x55891710b04e,Zacharias
0x5589170dbc20,9,0x55891710b058,Zacharie
0x5589170dbc60,8,0x55891710b061,Zachary
0x5589170dbca0,9,0x55891710b069,Zacherie
0x5589170dbce0,8,0x55891710b072,Zachery
0x5589170dbd20,5,0x55891710b07a,Zack
0x5589170dbd60,10,0x55891710b07f,Zackariah
0x5589170dbda0,4,0x55891710b089,Zak
0x5589170dbde0,5,0x55891710b08d,Zane
0x5589170dbe20,6,0x55891710b092,Zared
0x5589170dbe60,4,0x55891710b098,Zeb
0x5589170dbea0,9,0x55891710b09c,Zebadiah
0x5589170dbee0,8,0x55891710b0a5,Zebedee
0x5589170dbf20,8,0x55891710b0ad,Zebulen
0x5589170dbf60,8,0x55891710b0b5,Zebulon
0x5589170dbfa0,10,0x55891710b0bd,Zechariah
0x5589170dbfe0,4,0x55891710b0c7,Zed
0x5589170dc020,9,0x55891710b0cb,Zedekiah
0x5589170dc060,5,0x55891710b0d4,Zeke
0x5589170dc0a0,6,0x55891710b0d9,Zelig
0x5589170dc0e0,5,0x55891710b0df,Zerk
0x5589170dc120,7,0x55891710b0e4,Zollie
0x5589170dc160,6,0x55891710b0eb,Zolly
